-- === SEED DATA: BEGIN ===
INSERT INTO theme (theme_id, name, description) VALUES (2, 'Recht', 'Alles was mit Gesetzesgrundlagen zu tun hat');
INSERT INTO theme (theme_id, name, description) VALUES (3, 'Wirtschaft', 'Alles, was NICHT mit Recht, aber mit Wirtschaft zu tun hat (Kalkulation, Prozesse,...)');
INSERT INTO theme (theme_id, name, description) VALUES (4, 'Datenbanken Modellierung', 'ERD, relationales Tabellenmodell');
INSERT INTO theme (theme_id, name, description) VALUES (5, 'Datenbank - SQL', NULL);
INSERT INTO theme (theme_id, name, description) VALUES (6, 'UML', 'Klassendiagramm, Sequenzdiagramm, Zustandsdiagramm, Use-Case Diagramm, Aktivitätsdiagramm');
INSERT INTO theme (theme_id, name, description) VALUES (7, 'Maschinelles Lernen', NULL);
INSERT INTO theme (theme_id, name, description) VALUES (8, 'Programmierung Pseudocode', NULL);
INSERT INTO team (team_id, name) VALUES (1, 'Feenstaub');
INSERT INTO question_set (question_set_id, team_id, title) VALUES (1, 1, 'Objektorientierung und Algorithmik');
INSERT INTO question (question_id, question_set_id, question_type, start_text, image_url, end_text, allows_multiple, points) VALUES (1, 1, 'MC', 'Welches Entwurfsmuster stellt sicher, dass von einer Klasse nur eine Instanz existiert?', NULL, NULL, FALSE, 1);
INSERT INTO mc_answer (answer_id, question_id, option_text, is_correct, option_order) VALUES (1, 1, 'Factory Pattern', FALSE, 1);
INSERT INTO mc_answer (answer_id, question_id, option_text, is_correct, option_order) VALUES (2, 1, 'Singleton Pattern', TRUE, 2);
INSERT INTO mc_answer (answer_id, question_id, option_text, is_correct, option_order) VALUES (3, 1, 'Observer Pattern', FALSE, 3);
INSERT INTO mc_answer (answer_id, question_id, option_text, is_correct, option_order) VALUES (4, 1, 'Strategy Pattern', FALSE, 4);
INSERT INTO question (question_id, question_set_id, question_type, start_text, image_url, end_text, allows_multiple, points) VALUES (2, 1, 'MC', 'Welche Zeitkomplexität (Big-O) hat die binäre Suche im Worst-Case?', NULL, NULL, FALSE, 1);
INSERT INTO mc_answer (answer_id, question_id, option_text, is_correct, option_order) VALUES (5, 2, '$O(n)$', FALSE, 1);
INSERT INTO mc_answer (answer_id, question_id, option_text, is_correct, option_order) VALUES (6, 2, '$O(n^2)$', FALSE, 2);
INSERT INTO mc_answer (answer_id, question_id, option_text, is_correct, option_order) VALUES (7, 2, '$O(\log n)$', TRUE, 3);
INSERT INTO mc_answer (answer_id, question_id, option_text, is_correct, option_order) VALUES (8, 2, '$O(1)$', FALSE, 4);
INSERT INTO question (question_id, question_set_id, question_type, start_text, image_url, end_text, allows_multiple, points) VALUES (3, 1, 'MC', 'Welche Datenstruktur arbeitet nach dem FIFO-Prinzip (First-In-First-Out)?', NULL, NULL, FALSE, 1);
INSERT INTO mc_answer (answer_id, question_id, option_text, is_correct, option_order) VALUES (9, 3, 'Stack', FALSE, 1);
INSERT INTO mc_answer (answer_id, question_id, option_text, is_correct, option_order) VALUES (10, 3, 'Binary Tree', FALSE, 2);
INSERT INTO mc_answer (answer_id, question_id, option_text, is_correct, option_order) VALUES (11, 3, 'Queue', TRUE, 3);
INSERT INTO mc_answer (answer_id, question_id, option_text, is_correct, option_order) VALUES (12, 3, 'Hash Table', FALSE, 4);
INSERT INTO question (question_id, question_set_id, question_type, start_text, image_url, end_text, allows_multiple, points) VALUES (4, 1, 'MC', 'Was beschreibt eine Komposition in einem UML-Klassendiagramm?', NULL, NULL, FALSE, 1);
INSERT INTO mc_answer (answer_id, question_id, option_text, is_correct, option_order) VALUES (13, 4, 'Eine "Ist-ein"-Beziehung', FALSE, 1);
INSERT INTO mc_answer (answer_id, question_id, option_text, is_correct, option_order) VALUES (14, 4, 'Eine "Hat-ein"-Beziehung, bei der die Teile ohne das Ganze nicht existieren können', TRUE, 2);
INSERT INTO mc_answer (answer_id, question_id, option_text, is_correct, option_order) VALUES (15, 4, 'Eine lose Verbindung zwischen zwei unabhängigen Klassen', FALSE, 3);
INSERT INTO mc_answer (answer_id, question_id, option_text, is_correct, option_order) VALUES (16, 4, 'Die Vererbung von Methoden', FALSE, 4);
INSERT INTO question (question_id, question_set_id, question_type, start_text, image_url, end_text, allows_multiple, points) VALUES (5, 1, 'MC', 'Welches SOLID-Prinzip besagt, dass eine Klasse nur einen Grund für Änderungen haben sollte?', NULL, NULL, FALSE, 1);
INSERT INTO mc_answer (answer_id, question_id, option_text, is_correct, option_order) VALUES (17, 5, 'Open-Closed Principle', FALSE, 1);
INSERT INTO mc_answer (answer_id, question_id, option_text, is_correct, option_order) VALUES (18, 5, 'Open-Closed Principle', FALSE, 2);
INSERT INTO mc_answer (answer_id, question_id, option_text, is_correct, option_order) VALUES (19, 5, 'Single Responsibility Principle', TRUE, 3);
INSERT INTO mc_answer (answer_id, question_id, option_text, is_correct, option_order) VALUES (20, 5, 'Dependency Inversion Principle', FALSE, 4);
INSERT INTO question (question_id, question_set_id, question_type, start_text, image_url, end_text, allows_multiple, points) VALUES (6, 1, 'MC', 'Was passiert beim "Overloading" (Überladen) einer Methode?', NULL, NULL, FALSE, 1);
INSERT INTO mc_answer (answer_id, question_id, option_text, is_correct, option_order) VALUES (21, 6, 'Die Methode der Oberklasse wird komplett ersetzt.', FALSE, 1);
INSERT INTO mc_answer (answer_id, question_id, option_text, is_correct, option_order) VALUES (22, 6, 'Mehrere Methoden haben denselben Namen, aber unterschiedliche Parameter.', TRUE, 2);
INSERT INTO mc_answer (answer_id, question_id, option_text, is_correct, option_order) VALUES (23, 6, 'Eine Methode ruft sich selbst so oft auf, bis der Stack überläuft.', FALSE, 3);
INSERT INTO mc_answer (answer_id, question_id, option_text, is_correct, option_order) VALUES (24, 6, 'Die Sichtbarkeit einer Methode wird zur Laufzeit geändert.', FALSE, 4);
INSERT INTO question (question_id, question_set_id, question_type, start_text, image_url, end_text, allows_multiple, points) VALUES (7, 1, 'MC', 'Welcher Sortieralgorithmus nutzt das "Divide and Conquer"-Verfahren?', NULL, NULL, FALSE, 1);
INSERT INTO mc_answer (answer_id, question_id, option_text, is_correct, option_order) VALUES (25, 7, 'Bubble Sort', FALSE, 1);
INSERT INTO mc_answer (answer_id, question_id, option_text, is_correct, option_order) VALUES (26, 7, 'Selection Sort', FALSE, 2);
INSERT INTO mc_answer (answer_id, question_id, option_text, is_correct, option_order) VALUES (27, 7, 'Quick Sort', TRUE, 3);
INSERT INTO mc_answer (answer_id, question_id, option_text, is_correct, option_order) VALUES (28, 7, 'Insertion Sort', FALSE, 4);
INSERT INTO question (question_id, question_set_id, question_type, start_text, image_url, end_text, allows_multiple, points) VALUES (8, 1, 'MC', 'In einem PAP (Programmablaufplan) steht ein Parallelogramm für?', NULL, NULL, FALSE, 1);
INSERT INTO mc_answer (answer_id, question_id, option_text, is_correct, option_order) VALUES (29, 8, 'Prozess / Verarbeitung', FALSE, 1);
INSERT INTO mc_answer (answer_id, question_id, option_text, is_correct, option_order) VALUES (30, 8, 'Start / Ende', FALSE, 2);
INSERT INTO mc_answer (answer_id, question_id, option_text, is_correct, option_order) VALUES (31, 8, 'Entscheidung / Verzweigung', FALSE, 3);
INSERT INTO mc_answer (answer_id, question_id, option_text, is_correct, option_order) VALUES (32, 8, 'Ein- / Ausgabe', TRUE, 4);
INSERT INTO question (question_id, question_set_id, question_type, start_text, image_url, end_text, allows_multiple, points) VALUES (9, 1, 'MC', 'Was ist ein "Pointer" (Zeiger)?', NULL, NULL, FALSE, 1);
INSERT INTO mc_answer (answer_id, question_id, option_text, is_correct, option_order) VALUES (33, 9, 'Eine Variable, die einen Wahrheitswert speichert.', FALSE, 1);
INSERT INTO mc_answer (answer_id, question_id, option_text, is_correct, option_order) VALUES (34, 9, 'Eine Variable, die die Speicheradresse einer anderen Variablen speichert.', TRUE, 2);
INSERT INTO mc_answer (answer_id, question_id, option_text, is_correct, option_order) VALUES (35, 9, 'Ein Tool zur Fehlersuche im Code.', FALSE, 3);
INSERT INTO mc_answer (answer_id, question_id, option_text, is_correct, option_order) VALUES (36, 9, 'Eine spezielle Art von Schleife.', FALSE, 4);
INSERT INTO question (question_id, question_set_id, question_type, start_text, image_url, end_text, allows_multiple, points) VALUES (10, 1, 'MC', 'Was beschreibt das "Liskovsche Substitutionsprinzip"?', NULL, NULL, FALSE, 1);
INSERT INTO mc_answer (answer_id, question_id, option_text, is_correct, option_order) VALUES (37, 10, 'Unterklassen müssen so einsetzbar sein, dass sie ihre Basisklassen ersetzen können.', TRUE, 1);
INSERT INTO mc_answer (answer_id, question_id, option_text, is_correct, option_order) VALUES (38, 10, 'Jede Methode darf maximal 20 Zeilen Code haben.', FALSE, 2);
INSERT INTO mc_answer (answer_id, question_id, option_text, is_correct, option_order) VALUES (39, 10, 'Variablen müssen immer initialisiert werden.', FALSE, 3);
INSERT INTO mc_answer (answer_id, question_id, option_text, is_correct, option_order) VALUES (40, 10, 'Klassen dürfen nicht von Interfaces erben.', FALSE, 4);
INSERT INTO question (question_id, question_set_id, question_type, start_text, image_url, end_text, allows_multiple, points) VALUES (11, 1, 'MC', 'Welche Fehlermeldung tritt auf, wenn auf ein Objekt zugegriffen wird, das nicht instanziiert wurde?', NULL, NULL, FALSE, 1);
INSERT INTO mc_answer (answer_id, question_id, option_text, is_correct, option_order) VALUES (41, 11, 'StackOverflowError', FALSE, 1);
INSERT INTO mc_answer (answer_id, question_id, option_text, is_correct, option_order) VALUES (42, 11, 'NullPointerException', TRUE, 2);
INSERT INTO mc_answer (answer_id, question_id, option_text, is_correct, option_order) VALUES (43, 11, 'IndexOutOfBoundsException', FALSE, 3);
INSERT INTO mc_answer (answer_id, question_id, option_text, is_correct, option_order) VALUES (44, 11, 'CompilationError', FALSE, 4);
INSERT INTO question (question_id, question_set_id, question_type, start_text, image_url, end_text, allows_multiple, points) VALUES (12, 1, 'MC', 'Was ist der Vorteil eines Binärbaums gegenüber einer linearen Liste?', NULL, NULL, FALSE, 1);
INSERT INTO mc_answer (answer_id, question_id, option_text, is_correct, option_order) VALUES (45, 12, 'Er braucht weniger Speicher.', FALSE, 1);
INSERT INTO mc_answer (answer_id, question_id, option_text, is_correct, option_order) VALUES (46, 12, 'Das Suchen von Elementen ist im Durchschnitt schneller ($O(\log n)$).', TRUE, 2);
INSERT INTO mc_answer (answer_id, question_id, option_text, is_correct, option_order) VALUES (47, 12, 'Er kann nur Zahlen speichern.', FALSE, 3);
INSERT INTO mc_answer (answer_id, question_id, option_text, is_correct, option_order) VALUES (48, 12, 'Er ist einfacher zu programmieren.', FALSE, 4);
INSERT INTO question (question_id, question_set_id, question_type, start_text, image_url, end_text, allows_multiple, points) VALUES (13, 1, 'MC', 'Wofür steht das "M" im MVC-Entwurfsmuster?', NULL, NULL, FALSE, 1);
INSERT INTO mc_answer (answer_id, question_id, option_text, is_correct, option_order) VALUES (49, 13, 'Method', FALSE, 1);
INSERT INTO mc_answer (answer_id, question_id, option_text, is_correct, option_order) VALUES (50, 13, 'Main', FALSE, 2);
INSERT INTO mc_answer (answer_id, question_id, option_text, is_correct, option_order) VALUES (51, 13, 'Model', TRUE, 3);
INSERT INTO mc_answer (answer_id, question_id, option_text, is_correct, option_order) VALUES (52, 13, 'Module', FALSE, 4);
INSERT INTO question (question_id, question_set_id, question_type, start_text, image_url, end_text, allows_multiple, points) VALUES (14, 1, 'MC', 'Welches Keyword verhindert in Java, dass eine Klasse weiter vererbt werden kann?', NULL, NULL, FALSE, 1);
INSERT INTO mc_answer (answer_id, question_id, option_text, is_correct, option_order) VALUES (53, 14, 'static', FALSE, 1);
INSERT INTO mc_answer (answer_id, question_id, option_text, is_correct, option_order) VALUES (54, 14, 'abstract', FALSE, 2);
INSERT INTO mc_answer (answer_id, question_id, option_text, is_correct, option_order) VALUES (55, 14, 'final', TRUE, 3);
INSERT INTO mc_answer (answer_id, question_id, option_text, is_correct, option_order) VALUES (56, 14, 'private', FALSE, 4);
INSERT INTO question (question_id, question_set_id, question_type, start_text, image_url, end_text, allows_multiple, points) VALUES (15, 1, 'GAP', 'Lückentext 1', NULL, NULL, FALSE, 1);
INSERT INTO gap_field (gap_id, question_id, gap_index, text_before, text_after) VALUES (1, 15, 1, 'Eine Klasse, von der kein Objekt erzeugt werden kann und die als Bauplan für Unterklassen dient, nennt man', 'Klasse.');
INSERT INTO gap_option (gap_option_id, gap_id, option_text, is_correct, option_order) VALUES (1, 1, 'abstract', TRUE, 1);
INSERT INTO question (question_id, question_set_id, question_type, start_text, image_url, end_text, allows_multiple, points) VALUES (16, 1, 'GAP', 'Lückentext 1.1', NULL, NULL, FALSE, 1);
INSERT INTO gap_field (gap_id, question_id, gap_index, text_before, text_after) VALUES (2, 16, 1, 'Eine Klasse, von der kein Objekt erzeugt werden kann und die als Bauplan für Unterklassen dient, nennt man', 'Klasse.');
INSERT INTO gap_option (gap_option_id, gap_id, option_text, is_correct, option_order) VALUES (2, 2, 'abstract', TRUE, 1);
INSERT INTO gap_option (gap_option_id, gap_id, option_text, is_correct, option_order) VALUES (3, 2, 'final', FALSE, 2);
INSERT INTO gap_option (gap_option_id, gap_id, option_text, is_correct, option_order) VALUES (4, 2, 'static', FALSE, 3);
INSERT INTO question (question_id, question_set_id, question_type, start_text, image_url, end_text, allows_multiple, points) VALUES (17, 1, 'GAP', 'Lückentext 2', NULL, NULL, FALSE, 1);
INSERT INTO gap_field (gap_id, question_id, gap_index, text_before, text_after) VALUES (3, 17, 1, 'Der Zugriffsschutz', 'bewirkt, dass nur die Klasse selbst und ihre Unterklassen auf ein Attribut zugreifen können.');
INSERT INTO gap_option (gap_option_id, gap_id, option_text, is_correct, option_order) VALUES (5, 3, 'protected', TRUE, 1);
INSERT INTO gap_option (gap_option_id, gap_id, option_text, is_correct, option_order) VALUES (6, 3, 'privat', FALSE, 2);
INSERT INTO gap_option (gap_option_id, gap_id, option_text, is_correct, option_order) VALUES (7, 3, 'public', FALSE, 3);
INSERT INTO question (question_id, question_set_id, question_type, start_text, image_url, end_text, allows_multiple, points) VALUES (18, 1, 'GAP', 'Lückentext 3', NULL, NULL, FALSE, 1);
INSERT INTO gap_field (gap_id, question_id, gap_index, text_before, text_after) VALUES (4, 18, 1, 'Das Gegenteil von iterativer Programmierung (Schleifen) ist die', 'Programmierung.');
INSERT INTO gap_option (gap_option_id, gap_id, option_text, is_correct, option_order) VALUES (8, 4, 'rekursive', TRUE, 1);
INSERT INTO gap_option (gap_option_id, gap_id, option_text, is_correct, option_order) VALUES (9, 4, 'lineare', FALSE, 2);
INSERT INTO gap_option (gap_option_id, gap_id, option_text, is_correct, option_order) VALUES (10, 4, 'parallele', FALSE, 3);
INSERT INTO question (question_id, question_set_id, question_type, start_text, image_url, end_text, allows_multiple, points) VALUES (19, 1, 'GAP', 'Lückentext 4', NULL, NULL, FALSE, 1);
INSERT INTO gap_field (gap_id, question_id, gap_index, text_before, text_after) VALUES (5, 19, 1, 'In der UML-Modellierung wird eine Vererbung durch einen Pfeil mit einer', 'Spitze dargestellt.');
INSERT INTO gap_option (gap_option_id, gap_id, option_text, is_correct, option_order) VALUES (11, 5, 'offenen', TRUE, 1);
INSERT INTO gap_option (gap_option_id, gap_id, option_text, is_correct, option_order) VALUES (12, 5, 'gefüllten', FALSE, 2);
INSERT INTO gap_option (gap_option_id, gap_id, option_text, is_correct, option_order) VALUES (13, 5, 'runde', FALSE, 3);
INSERT INTO question (question_id, question_set_id, question_type, start_text, image_url, end_text, allows_multiple, points) VALUES (20, 1, 'GAP', 'Lückentext 5', NULL, NULL, FALSE, 1);
INSERT INTO gap_field (gap_id, question_id, gap_index, text_before, text_after) VALUES (6, 20, 1, 'Ein Algorithmus mit der Zeitkomplexität $O(n^2)$ wächst bei Verdopplung der Eingabemenge um den Faktor', '.');
INSERT INTO gap_option (gap_option_id, gap_id, option_text, is_correct, option_order) VALUES (14, 6, '4', TRUE, 1);
INSERT INTO gap_option (gap_option_id, gap_id, option_text, is_correct, option_order) VALUES (15, 6, '5', FALSE, 2);
INSERT INTO gap_option (gap_option_id, gap_id, option_text, is_correct, option_order) VALUES (16, 6, '8', FALSE, 3);
INSERT INTO question (question_id, question_set_id, question_type, start_text, image_url, end_text, allows_multiple, points) VALUES (21, 1, 'GAP', 'Lückentext 6', NULL, NULL, FALSE, 1);
INSERT INTO gap_field (gap_id, question_id, gap_index, text_before, text_after) VALUES (7, 21, 1, 'Die Datenstruktur', 'unktioniert nach dem LIFO-Prinzip (Last-In-First-Out).');
INSERT INTO gap_option (gap_option_id, gap_id, option_text, is_correct, option_order) VALUES (17, 7, 'Stack', TRUE, 1);
INSERT INTO gap_option (gap_option_id, gap_id, option_text, is_correct, option_order) VALUES (18, 7, 'Queue', FALSE, 2);
INSERT INTO gap_option (gap_option_id, gap_id, option_text, is_correct, option_order) VALUES (19, 7, 'Array', FALSE, 3);
INSERT INTO question (question_id, question_set_id, question_type, start_text, image_url, end_text, allows_multiple, points) VALUES (22, 1, 'GAP', 'Lückentext 7', NULL, NULL, FALSE, 1);
INSERT INTO gap_field (gap_id, question_id, gap_index, text_before, text_after) VALUES (8, 22, 1, 'Wenn eine Unterklasse eine Methode der Oberklasse mit exakt derselben Signatur neu implementiert, nennt man das', '.');
INSERT INTO gap_option (gap_option_id, gap_id, option_text, is_correct, option_order) VALUES (20, 8, 'Overriding', TRUE, 1);
INSERT INTO gap_option (gap_option_id, gap_id, option_text, is_correct, option_order) VALUES (21, 8, 'Overloading', FALSE, 2);
INSERT INTO gap_option (gap_option_id, gap_id, option_text, is_correct, option_order) VALUES (22, 8, 'Hiding', FALSE, 3);
INSERT INTO question (question_id, question_set_id, question_type, start_text, image_url, end_text, allows_multiple, points) VALUES (23, 1, 'GAP', 'Lückentext 8', NULL, NULL, FALSE, 1);
INSERT INTO gap_field (gap_id, question_id, gap_index, text_before, text_after) VALUES (9, 23, 1, 'Das Design Pattern, welches Objekte über Zustandsänderungen eines anderen Objekts informiert, heißt', 'Pattern.');
INSERT INTO gap_option (gap_option_id, gap_id, option_text, is_correct, option_order) VALUES (23, 9, 'Observer', TRUE, 1);
INSERT INTO gap_option (gap_option_id, gap_id, option_text, is_correct, option_order) VALUES (24, 9, 'Singleton', FALSE, 2);
INSERT INTO gap_option (gap_option_id, gap_id, option_text, is_correct, option_order) VALUES (25, 9, 'Strategy', FALSE, 3);
INSERT INTO question (question_id, question_set_id, question_type, start_text, image_url, end_text, allows_multiple, points) VALUES (24, 1, 'GAP', 'Lückentext 9', NULL, NULL, FALSE, 1);
INSERT INTO gap_field (gap_id, question_id, gap_index, text_before, text_after) VALUES (10, 24, 1, 'Ein', 'ist ein spezieller Typ, der nur eine definierte Menge an festen Werten (Konstanten) annehmen kann.');
INSERT INTO gap_option (gap_option_id, gap_id, option_text, is_correct, option_order) VALUES (26, 10, 'Enum', TRUE, 1);
INSERT INTO gap_option (gap_option_id, gap_id, option_text, is_correct, option_order) VALUES (27, 10, 'Class', FALSE, 2);
INSERT INTO gap_option (gap_option_id, gap_id, option_text, is_correct, option_order) VALUES (28, 10, 'Interface', FALSE, 3);
INSERT INTO question (question_id, question_set_id, question_type, start_text, image_url, end_text, allows_multiple, points) VALUES (25, 1, 'GAP', 'Lückentext 10', NULL, NULL, FALSE, 1);
INSERT INTO gap_field (gap_id, question_id, gap_index, text_before, text_after) VALUES (11, 25, 1, 'Den Vorgang, Quellcode in Maschinencode zu übersetzen, nennt man', '.');
INSERT INTO gap_option (gap_option_id, gap_id, option_text, is_correct, option_order) VALUES (29, 11, 'Kompilieren', TRUE, 1);
INSERT INTO gap_option (gap_option_id, gap_id, option_text, is_correct, option_order) VALUES (30, 11, 'Interpretieren', FALSE, 2);
INSERT INTO gap_option (gap_option_id, gap_id, option_text, is_correct, option_order) VALUES (31, 11, 'Debuggen', FALSE, 3);
INSERT INTO question (question_id, question_set_id, question_type, start_text, image_url, end_text, allows_multiple, points) VALUES (26, 1, 'GAP', 'Lückentet 11', NULL, NULL, FALSE, 1);
INSERT INTO gap_field (gap_id, question_id, gap_index, text_before, text_after) VALUES (12, 26, 1, 'Ein', 'stellt eine Verbindung zwischen zwei Klassen in UML dar, ohne dass eine Hierarchie besteht.');
INSERT INTO gap_option (gap_option_id, gap_id, option_text, is_correct, option_order) VALUES (32, 12, 'Assoziation', TRUE, 1);
INSERT INTO gap_option (gap_option_id, gap_id, option_text, is_correct, option_order) VALUES (33, 12, 'Vererbung', FALSE, 2);
INSERT INTO gap_option (gap_option_id, gap_id, option_text, is_correct, option_order) VALUES (34, 12, 'Komposition', FALSE, 3);
INSERT INTO question (question_id, question_set_id, question_type, start_text, image_url, end_text, allows_multiple, points) VALUES (27, 1, 'GAP', 'Lückentext 12', NULL, NULL, FALSE, 1);
INSERT INTO gap_field (gap_id, question_id, gap_index, text_before, text_after) VALUES (13, 27, 1, 'Die', 'Suche setzt voraus, dass die Datenmenge bereits sortiert ist.');
INSERT INTO gap_option (gap_option_id, gap_id, option_text, is_correct, option_order) VALUES (35, 13, 'binäre', TRUE, 1);
INSERT INTO gap_option (gap_option_id, gap_id, option_text, is_correct, option_order) VALUES (36, 13, 'lineare', FALSE, 2);
INSERT INTO gap_option (gap_option_id, gap_id, option_text, is_correct, option_order) VALUES (37, 13, 'exponentielle', FALSE, 3);
INSERT INTO question (question_id, question_set_id, question_type, start_text, image_url, end_text, allows_multiple, points) VALUES (28, 1, 'MC', 'Welche Datenstruktur eignet sich besonders gut zur Implementierung von Rekursionen?', NULL, NULL, FALSE, 1);
INSERT INTO mc_answer (answer_id, question_id, option_text, is_correct, option_order) VALUES (57, 28, 'Queue', FALSE, 1);
INSERT INTO mc_answer (answer_id, question_id, option_text, is_correct, option_order) VALUES (58, 28, 'Stack', TRUE, 2);
INSERT INTO mc_answer (answer_id, question_id, option_text, is_correct, option_order) VALUES (59, 28, 'Graph', FALSE, 3);
INSERT INTO mc_answer (answer_id, question_id, option_text, is_correct, option_order) VALUES (60, 28, 'Heap', FALSE, 4);
INSERT INTO question (question_id, question_set_id, question_type, start_text, image_url, end_text, allows_multiple, points) VALUES (29, 1, 'MC', 'Welche Aussage beschreibt eine Hash-Tabelle am besten?', NULL, NULL, FALSE, 1);
INSERT INTO mc_answer (answer_id, question_id, option_text, is_correct, option_order) VALUES (61, 29, 'Elemente werden immer sortiert gespeichert.', FALSE, 1);
INSERT INTO mc_answer (answer_id, question_id, option_text, is_correct, option_order) VALUES (62, 29, 'Schlüssel werden mit einer Hashfunktion auf Speicherpositionen abgebildet.', TRUE, 2);
INSERT INTO mc_answer (answer_id, question_id, option_text, is_correct, option_order) VALUES (63, 29, 'Sie kann nur Ganzzahlen speichern.', FALSE, 3);
INSERT INTO mc_answer (answer_id, question_id, option_text, is_correct, option_order) VALUES (64, 29, 'Sie arbeitet immer nach dem FIFO-Prinzip.', FALSE, 4);
INSERT INTO question (question_id, question_set_id, question_type, start_text, image_url, end_text, allows_multiple, points) VALUES (30, 1, 'MC', 'Welcher Algorithmus wird häufig zum Finden des kürzesten Weges in einem Graphen verwendet?', NULL, NULL, FALSE, 1);
INSERT INTO mc_answer (answer_id, question_id, option_text, is_correct, option_order) VALUES (65, 30, 'Bubble Sort', FALSE, 1);
INSERT INTO mc_answer (answer_id, question_id, option_text, is_correct, option_order) VALUES (66, 30, 'Depth-First Search', FALSE, 2);
INSERT INTO mc_answer (answer_id, question_id, option_text, is_correct, option_order) VALUES (67, 30, 'Dijkstra-Algorithmus', TRUE, 3);
INSERT INTO mc_answer (answer_id, question_id, option_text, is_correct, option_order) VALUES (68, 30, 'Binary Search', FALSE, 4);
INSERT INTO question (question_id, question_set_id, question_type, start_text, image_url, end_text, allows_multiple, points) VALUES (31, 1, 'MC', 'Welche Eigenschaft beschreibt "Kapselung" in der objektorientierten Programmierung?', NULL, NULL, FALSE, 1);
INSERT INTO mc_answer (answer_id, question_id, option_text, is_correct, option_order) VALUES (69, 31, 'Daten und Methoden werden in einer Klasse zusammengefasst und geschützt.', TRUE, 1);
INSERT INTO mc_answer (answer_id, question_id, option_text, is_correct, option_order) VALUES (70, 31, 'Klassen können mehrere Oberklassen haben.', FALSE, 2);
INSERT INTO mc_answer (answer_id, question_id, option_text, is_correct, option_order) VALUES (71, 31, 'Methoden können mehrfach überladen werden.', FALSE, 3);
INSERT INTO mc_answer (answer_id, question_id, option_text, is_correct, option_order) VALUES (72, 31, 'Programme werden ausschließlich funktional geschrieben.', FALSE, 4);
INSERT INTO question (question_id, question_set_id, question_type, start_text, image_url, end_text, allows_multiple, points) VALUES (32, 1, 'MC', 'Was beschreibt ein Interface in Java am besten?', NULL, NULL, FALSE, 1);
INSERT INTO mc_answer (answer_id, question_id, option_text, is_correct, option_order) VALUES (73, 32, 'Eine Klasse ohne Konstruktor', FALSE, 1);
INSERT INTO mc_answer (answer_id, question_id, option_text, is_correct, option_order) VALUES (74, 32, 'Eine Klasse mit nur privaten Methoden', FALSE, 2);
INSERT INTO mc_answer (answer_id, question_id, option_text, is_correct, option_order) VALUES (75, 32, 'Eine Sammlung von Methodensignaturen ohne Implementierung', TRUE, 3);
INSERT INTO mc_answer (answer_id, question_id, option_text, is_correct, option_order) VALUES (76, 32, 'Eine spezielle Schleifenstruktur', FALSE, 4);
INSERT INTO question (question_id, question_set_id, question_type, start_text, image_url, end_text, allows_multiple, points) VALUES (33, 1, 'MC', 'Welche Traversierung besucht bei einem Binärbaum zuerst die Wurzel, dann den linken und anschließend den rechten Teilbaum?', NULL, NULL, FALSE, 1);
INSERT INTO mc_answer (answer_id, question_id, option_text, is_correct, option_order) VALUES (77, 33, 'Preorder-Traversierung', TRUE, 1);
INSERT INTO mc_answer (answer_id, question_id, option_text, is_correct, option_order) VALUES (78, 33, 'Inorder-Traversierung', FALSE, 2);
INSERT INTO mc_answer (answer_id, question_id, option_text, is_correct, option_order) VALUES (79, 33, 'Postorder-Traversierung', FALSE, 3);
INSERT INTO mc_answer (answer_id, question_id, option_text, is_correct, option_order) VALUES (80, 33, 'Levelorder-Traversierung', FALSE, 4);
INSERT INTO question (question_id, question_set_id, question_type, start_text, image_url, end_text, allows_multiple, points) VALUES (34, 1, 'MC', 'Welcher Datentyp speichert in Java eine Folge von Zeichen?', NULL, NULL, FALSE, 1);
INSERT INTO mc_answer (answer_id, question_id, option_text, is_correct, option_order) VALUES (81, 34, 'char', FALSE, 1);
INSERT INTO mc_answer (answer_id, question_id, option_text, is_correct, option_order) VALUES (82, 34, 'String', TRUE, 2);
INSERT INTO mc_answer (answer_id, question_id, option_text, is_correct, option_order) VALUES (83, 34, 'text', FALSE, 3);
INSERT INTO mc_answer (answer_id, question_id, option_text, is_correct, option_order) VALUES (84, 34, 'varchar', FALSE, 4);
INSERT INTO question (question_id, question_set_id, question_type, start_text, image_url, end_text, allows_multiple, points) VALUES (35, 1, 'MC', 'Was beschreibt Polymorphismus in der objektorientierten Programmierung?', NULL, NULL, FALSE, 1);
INSERT INTO mc_answer (answer_id, question_id, option_text, is_correct, option_order) VALUES (85, 35, 'Klassen dürfen nur eine Methode enthalten.', FALSE, 1);
INSERT INTO mc_answer (answer_id, question_id, option_text, is_correct, option_order) VALUES (86, 35, 'Methoden dürfen nur einmal definiert werden.', FALSE, 2);
INSERT INTO mc_answer (answer_id, question_id, option_text, is_correct, option_order) VALUES (87, 35, 'Eine Methode kann unterschiedliche Implementierungen besitzen.', TRUE, 3);
INSERT INTO mc_answer (answer_id, question_id, option_text, is_correct, option_order) VALUES (88, 35, 'Eine Klasse darf nur ein Objekt erzeugen.', FALSE, 4);
INSERT INTO question (question_id, question_set_id, question_type, start_text, image_url, end_text, allows_multiple, points) VALUES (36, 1, 'MC', 'Welcher Algorithmus durchsucht zuerst möglichst tief einen Graphen, bevor er zurückgeht?', NULL, NULL, FALSE, 1);
INSERT INTO mc_answer (answer_id, question_id, option_text, is_correct, option_order) VALUES (89, 36, 'Breadth-First Search', FALSE, 1);
INSERT INTO mc_answer (answer_id, question_id, option_text, is_correct, option_order) VALUES (90, 36, 'Depth-First Search', TRUE, 2);
INSERT INTO mc_answer (answer_id, question_id, option_text, is_correct, option_order) VALUES (91, 36, 'Binary Search', FALSE, 3);
INSERT INTO mc_answer (answer_id, question_id, option_text, is_correct, option_order) VALUES (92, 36, 'Linear Search', FALSE, 4);
INSERT INTO question (question_id, question_set_id, question_type, start_text, image_url, end_text, allows_multiple, points) VALUES (37, 1, 'MC', 'Welche Aussage über Bubble Sort ist korrekt?', NULL, NULL, FALSE, 1);
INSERT INTO mc_answer (answer_id, question_id, option_text, is_correct, option_order) VALUES (93, 37, 'Er ist der schnellste Sortieralgorithmus.', FALSE, 1);
INSERT INTO mc_answer (answer_id, question_id, option_text, is_correct, option_order) VALUES (94, 37, 'Er vergleicht benachbarte Elemente und tauscht sie bei Bedarf.', TRUE, 2);
INSERT INTO mc_answer (answer_id, question_id, option_text, is_correct, option_order) VALUES (95, 37, 'Er funktioniert nur mit Zahlen.', FALSE, 3);
INSERT INTO mc_answer (answer_id, question_id, option_text, is_correct, option_order) VALUES (96, 37, 'Er nutzt eine Hashfunktion zum Sortieren.', FALSE, 4);
INSERT INTO question (question_id, question_set_id, question_type, start_text, image_url, end_text, allows_multiple, points) VALUES (38, 1, 'MC', 'Welcher Sortieralgorithmus hat im Durchschnitt eine Zeitkomplexität von 
O(nlog⁡n)
O(nlogn)?', NULL, NULL, FALSE, 1);
INSERT INTO mc_answer (answer_id, question_id, option_text, is_correct, option_order) VALUES (97, 38, 'Bubble Sort', FALSE, 1);
INSERT INTO mc_answer (answer_id, question_id, option_text, is_correct, option_order) VALUES (98, 38, 'Merge Sort', TRUE, 2);
INSERT INTO mc_answer (answer_id, question_id, option_text, is_correct, option_order) VALUES (99, 38, 'Insertion Sort', FALSE, 3);
INSERT INTO mc_answer (answer_id, question_id, option_text, is_correct, option_order) VALUES (100, 38, 'Selection Sort', FALSE, 4);
INSERT INTO question (question_id, question_set_id, question_type, start_text, image_url, end_text, allows_multiple, points) VALUES (39, 1, 'MC', 'Welche Eigenschaft beschreibt eine rekursive Methode?', NULL, NULL, FALSE, 1);
INSERT INTO mc_answer (answer_id, question_id, option_text, is_correct, option_order) VALUES (101, 39, 'Sie kann nur einmal aufgerufen werden.', FALSE, 1);
INSERT INTO mc_answer (answer_id, question_id, option_text, is_correct, option_order) VALUES (102, 39, 'Sie wird nur vom Compiler ausgeführt.', FALSE, 2);
INSERT INTO mc_answer (answer_id, question_id, option_text, is_correct, option_order) VALUES (103, 39, 'Sie ruft sich selbst innerhalb ihrer Implementierung auf.', TRUE, 3);
INSERT INTO mc_answer (answer_id, question_id, option_text, is_correct, option_order) VALUES (104, 39, 'Sie arbeitet ausschließlich mit Schleifen.', FALSE, 4);
INSERT INTO question (question_id, question_set_id, question_type, start_text, image_url, end_text, allows_multiple, points) VALUES (40, 1, 'MC', 'Was ist ein Graph in der Informatik?', NULL, NULL, FALSE, 1);
INSERT INTO mc_answer (answer_id, question_id, option_text, is_correct, option_order) VALUES (105, 40, 'Eine Tabelle mit sortierten Zahlen', FALSE, 1);
INSERT INTO mc_answer (answer_id, question_id, option_text, is_correct, option_order) VALUES (106, 40, 'Eine Datenstruktur aus Knoten (Vertices) und Kanten (Edges)', TRUE, 2);
INSERT INTO mc_answer (answer_id, question_id, option_text, is_correct, option_order) VALUES (107, 40, 'Eine spezielle Art von Array', FALSE, 3);
INSERT INTO mc_answer (answer_id, question_id, option_text, is_correct, option_order) VALUES (108, 40, 'Eine Liste von Zeichenketten', FALSE, 4);
INSERT INTO question (question_id, question_set_id, question_type, start_text, image_url, end_text, allows_multiple, points) VALUES (41, 1, 'MC', 'Welche Aufgabe hat ein Konstruktor in einer Klasse?', NULL, NULL, FALSE, 1);
INSERT INTO mc_answer (answer_id, question_id, option_text, is_correct, option_order) VALUES (109, 41, 'Er löscht Objekte aus dem Speicher.', FALSE, 1);
INSERT INTO mc_answer (answer_id, question_id, option_text, is_correct, option_order) VALUES (110, 41, 'Er führt Berechnungen in Schleifen aus.', FALSE, 2);
INSERT INTO mc_answer (answer_id, question_id, option_text, is_correct, option_order) VALUES (111, 41, 'Er initialisiert ein Objekt beim Erzeugen.', TRUE, 3);
INSERT INTO mc_answer (answer_id, question_id, option_text, is_correct, option_order) VALUES (112, 41, 'Er verhindert Vererbung.', FALSE, 4);
-- === SEED DATA: END ===