-- === SEED DATA (generated from quizdb.sql) ===

-- Teams
INSERT INTO team (team_id, name) VALUES
(1, 'KhitoGlebLih'),
(2, 'Cursed-Crib'),
(3, 'xXx'),
(4, 'SUD_LJ3Q3_Projektarbeit_2026'),
(5, 'GBoyz'),
(6, 'Bazinga'),
(7, 'Feenstaub'),
(8, 'Hard Workers'),
(9, 'Dummy2Pro'),
(10, 'Hammer'),
(11, 'RandomMap');

-- Themes
INSERT INTO theme (theme_id, name, description) VALUES
(2, 'Recht', 'Alles was mit Gesetzesgrundlagen zu tun hat'),
(3, 'Wirtschaft', 'Alles, was NICHT mit Recht, aber mit Wirtschaft zu tun hat (Kalkulation, Prozesse,...)'),
(4, 'Datenbanken Modellierung', 'ERD, relationales Tabellenmodell'),
(5, 'Datenbank - SQL', NULL),
(6, 'UML', 'Klassendiagramm, Sequenzdiagramm, Zustandsdiagramm, Use-Case Diagramm, Aktivitätsdiagramm'),
(7, 'Maschinelles Lernen', NULL),
(8, 'Programmierung Pseudocode', NULL);

-- Question Sets
INSERT INTO question_set (question_set_id, team_id, title) VALUES
(1, 1, 'Wirtschaft & Sozialkunde – 50'),
(2, 2, 'Cursed-Crib'),
(3, 3, 'Klassendiagramm Quiz'),
(4, 3, 'Sequenzdiagramm Quiz'),
(5, 3, 'Aktivitätsdiagramm Quiz'),
(6, 3, 'Zustandsdiagramm Quiz'),
(7, 4, 'Wirtschaft Fragen Set'),
(8, 5, 'GBoyz Datenbank - SQL'),
(9, 6, 'NORMALISIERUNG'),
(10, 6, 'SELECT_ABFRAGEN'),
(11, 6, 'ER_MODELLIERUNG'),
(12, 6, 'JOINS_SUBQUERIES'),
(13, 6, 'SQL_GRUNDLAGEN'),
(14, 6, 'DDL_DML'),
(15, 7, 'Objektorientierung und Algorithmik'),
(16, 8, 'Level 1'),
(17, 8, 'Level 2'),
(18, 8, 'Level 3'),
(19, 8, 'Level 4'),
(20, 8, 'Level 5'),
(21, 9, 'Fragen von der Gruppe Dummy2Pro'),
(22, 10, 'Hammer-Set'),
(23, 11, 'Pseudocode und Algorithmen');

-- Questions
INSERT INTO question (question_id, question_set_id, question_type, start_text, image_url, end_text, allows_multiple, points) VALUES
(1, 1, 'MC', 'Welche beiden Regelungen finden Sie in einem Manteltarifvertrag?', NULL, NULL, 1, 2),
(2, 1, 'MC', 'In der MaHaG KG steht die Wahl des Betriebsrates an. Welche 3 Personen sind wahlberechtigt ?', NULL, NULL, 1, 3),
(3, 1, 'MC', 'Mit Ihren Auszubildenen sprechen Sie über die anstehenden Betriebswahlen. Welche beiden Aussagen sind richtig ?', NULL, NULL, 1, 2),
(4, 1, 'MC', 'Welche beiden Sachverhalte sind im Allgemeinen Gleichbehandlungsgesetz (AGG) geregelt?', NULL, NULL, 1, 2),
(5, 1, 'MC', 'Die MaHaG KG plant, einen Fachinformatiker Anwendungsentwicklung (m/w/d) einzustellen. Nachdem Sie das Anforderungsprofil entworfen haben, weist Ihre Rechtsabteilung Sie darauf hin, dass eine Formulierung gegen das Allgemeine Gleichbehandlungsgesetz (AGG) verstößt. Was dürfen Sie nicht in eine Stellenbeschreibung nach dem AGG schreiben?', NULL, NULL, 0, 1),
(6, 1, 'MC', 'Bei der Gestaltung der Ausbildungsverträge für volljährige und jugendliche Auszubildende müssen Sie darauf achten, dass gesetzliche Bestimmungen eingehalten werden. In welchen beiden Gesetzen schauen Sie nach, wenn Sie Inhalte eines Ausbildungsvertrages prüfen möchten?', NULL, NULL, 1, 2),
(7, 1, 'MC', 'Welche zwei Bestimmungen finden Sie im Berufsbildungsgesetz?', NULL, NULL, 1, 2),
(8, 1, 'MC', 'Jens Rievers hat am 16.07.2025 seine Ausbildung mit dem Bestehen der letzten Prüfung erfolgreich beendet. Weil sein Ausbildungsvertrag als Vertragsende den 31.07.2025 vorsieht, ist er der Meinung, dass er bis zu diesem Zeitpunkt arbeiten muss. Welche Rechtsfolge tritt ein, wenn er ab dem 17.07.2025 in der bisherigen Abteilung weiterarbeitet?', NULL, NULL, 0, 1),
(9, 1, 'MC', 'Bei der MaHaG KG stehen Wahlen zur Jugend- und Auszubildendenvertretung an. Katja Sommer (Vertriebsmitarbeiterin, 24 Jahre alt), die bereits im Betriebsrat ist und umfangreiche Erfahrungen dort gesammelt hat, will nun auch für dieses Amt kandidieren. Prüfen Sie, ob das möglich ist. Beachten Sie hierzu den folgenden Gesetzestext:', NULL, NULL, 0, 1),
(10, 1, 'MC', 'Bevor Sie die Ausbildungsverträge den Auszubildenden schicken, überprüfen Sie diese. Ein Ausbildungsvertrag weist einen Fehler auf, der gegen das Berufsbildungsgesetz verstößt. Um welchen Fehler handelt es sich hier?', NULL, NULL, 0, 1),
(11, 1, 'MC', 'Unternehmen können in der Form einer Personengesellschaft oder als juristische Person geführt werden. Auf welchen der folgenden Begriffe trifft die Bezeichnung „Juristische Person des privaten Rechts“ zu?', NULL, NULL, 0, 1),
(12, 1, 'MC', 'Zu den Kunden der MaHaG KG zählen neben den Personengesellschaften auch juristische Personen des privaten und des öffentlichen Rechts. Bei welchen beiden Kunden der MaHaG KG handelt es sich um juristische Personen des öffentlichen Rechts?', NULL, NULL, 1, 2),
(13, 1, 'MC', 'Um ihr Kapital sinnvoll einzusetzen und zu verwerten, handelt die MaHaG KG zunächst einmal nach dem ökonomischen Prinzip.', NULL, NULL, 1, 2),
(14, 1, 'MC', 'Prüfen Sie, welche der folgenden Maßnahmen der MaHaG KG keine ökologische Zielsetzung beinhaltet.', NULL, NULL, 0, 1),
(15, 1, 'MC', 'Bei der Verfolgung ökonomischer Ziele berücksichtigt die MaHaG KG auch zunehmend Aspekte des Umweltschutzes. Prüfen Sie, wo Zielharmonie herrscht, also ökonomische und ökologische Aspekte im Einklang sind.', NULL, NULL, 1, 2),
(16, 1, 'MC', 'Im Rahmen der von den Unternehmen praktizierten Kommunikationspolitik weisen Firmen verstärkt auf verantwortungsbewusstes und nachhaltiges Wirtschaften hin. Bei welcher Maßnahme wirtschaftet die MaHaG KG ökologisch nachhaltig und kann werbewirksam darauf hinweisen?', NULL, NULL, 0, 1),
(17, 1, 'MC', 'Für ihre mittel- und langfristige Planung benötigt die MaHaG KG Informationen, in welcher Konjunkturphase sich aktuell die wirtschaftliche Entwicklung befindet. Welche Merkmale kennzeichnen den Abschwung?', NULL, NULL, 0, 1),
(18, 1, 'MC', 'Wie sollte die Mannheimer Haushaltsgeräte KG im Falle eines beginnenden Abschwungs agieren?\n(2 Antworten)', NULL, NULL, 1, 2),
(19, 1, 'MC', 'Auf einem Markt treffen Angebot und Nachfrage aufeinander.\nBei einem bestimmten Preis sind angebotene Menge und nachgefragte Menge genau gleich groß.', NULL, NULL, 0, 1),
(20, 1, 'MC', 'Prüfen Sie, welche der nachstehenden Aussagen über den einfachen Wirtschaftskreislauf richtig ist.', NULL, NULL, 0, 1),
(21, 1, 'MC', 'Die verschiedenen Konjunkturphasen veranlassen auch die Mannheimer Haushaltsgeräte KG, ihr wirtschaftliches Verhalten danach auszurichten. Prüfen Sie, in welcher Konjunkturphase sich die MaHaG KG ökonomisch sinnvoll verhält.', NULL, NULL, 0, 1),
(22, 1, 'MC', 'Ein Auszubildender der MaHaG KG stürzt im Hauptlagerhaus beim Einsortieren von Waren von der Leiter und bricht sich ein Bein. Wem muss die entsprechende Unfallmeldung zugeleitet werden?', NULL, NULL, 0, 1),
(23, 1, 'MC', 'Marga Schlöter, angehende Kauffrau für Büromanagement, informiert sich bei Ihnen über die Regelungen zur Arbeitsunfähigkeit. Welche zwei Aussagen hierzu sind richtig?', NULL, NULL, 1, 2),
(24, 1, 'MC', 'Gerda Kalinov ist Prokuristin der Mannheimer Haushaltsgeräte KG und im Handelsregister eingetragen.', NULL, NULL, 1, 3),
(25, 1, 'MC', 'Für welche Unternehmensform wird Claudia Both sich unter diesen Voraussetzungen entscheiden?', NULL, NULL, 0, 1),
(26, 1, 'MC', 'Für ein Darlehen zur Existenzgründung verlangt die Bank von Claudia Both einen Businessplan. Wozu dient dieser?', NULL, NULL, 0, 1),
(27, 1, 'MC', 'Carlos Ortega, 17 Jahre alt, beginnt am 01.08.2025 seine Berufsausbildung als Fachinformatiker bei der MaHaG KG. Der Auszubildende vollendet am 15.01.2026 das 18. Lebensjahr.', NULL, NULL, 0, 1),
(28, 1, 'MC', 'Der Auszubildende Igor Czerwinski muss im Rahmen seiner Ausbildung immer wieder Tätigkeiten verrichten, die nach dem Berufsbild ausbildungsfremd und im betrieblichen Ausbildungsplan nicht vorgesehen sind.', NULL, NULL, 0, 1),
(29, 1, 'MC', 'Fatima Kuslu, 17 Jahre alt, hat am 1. September ihre Berufsausbildung als Fachinformatikerin bei der MaHaG KG begonnen. Welche Vorschrift des Jugendarbeitsschutzgesetzes gilt für sie?', NULL, NULL, 0, 1),
(30, 1, 'MC', 'Arbeitnehmer erhalten im Krankheitsfall weiterhin ihre Vergütung, obwohl sie ihre Arbeitsleistung nicht erbringen können. Gilt das auch gleichermaßen für Auszubildende?', NULL, NULL, 0, 1),
(31, 1, 'MC', 'In der Mannheimer Haushaltsgeräte KG wurde dem Auszubildenden Mario Klug fristlos gekündigt, weil er beim Aufbrechen eines Spindes ertappt wurde. Der Betriebsrat wurde nach der fristlosen Kündigung informiert und stimmte dieser nachträglich bedenkenlos zu.', NULL, NULL, 0, 1),
(32, 1, 'MC', 'In den Arbeitsverträgen der MaHaG KG ist wie auch in den Ausbildungsverträgen immer eine Probezeit vereinbart. Wodurch unterscheidet sich die Probezeit in einem Ausbildungsvertrag von der in einem Arbeitsvertrag? (Zwei Antworten)', NULL, NULL, 0, 1),
(33, 1, 'MC', 'Ein Ausbildungsvertrag ist ein befristeter Vertrag, der automatisch durch Zeitablauf endet. Wann ist die Kündigung eines solchen Ausbildungsvertrages dennoch möglich? (Zwei Antworten)', NULL, NULL, 1, 2),
(34, 1, 'MC', 'Der Betriebsrat hat abgestufte Rechte. In welchem Fall hat der Betriebsrat nur ein Informationsrecht?', NULL, NULL, 0, 1),
(35, 1, 'MC', 'Jan Riekers möchte ein Praktikum im Ausland zur Verbesserung seiner Sprachkenntnisse machen. Sie weisen ihn auf den Europass hin.', NULL, NULL, 0, 1),
(36, 1, 'MC', 'Am 28.10.20XX kündigt Mina Stiller (38 Jahre, seit 11 Jahren im Unternehmen) fristgerecht zum nächstmöglichen Termin.\nNennen Sie das Datum, an dem Frau Stiller frühestens eine neue Stelle antreten kann.', NULL, NULL, 0, 1),
(37, 1, 'MC', 'In der MaHaG KG stehen Betriebsratswahlen an. Das Unternehmen hat 134 Beschäftigte (volljährig) und 16 Azubis (12 davon volljährig). Darüber hinaus sind 3 Zeitarbeitnehmer seit 4 Monaten im Betrieb damit beschäftigt, für die IT-Sicherheit zu sorgen.', NULL, NULL, 0, 1),
(38, 1, 'MC', 'Zur Produktion ihrer Haushaltsgeräte benötigt die Mannheimer Haushaltsgeräte KG Ressourcen und kombiniert Produktionsfaktoren miteinander.', NULL, NULL, 1, 2),
(39, 1, 'MC', 'Abfallvermeidung bedeutet neben der Entlastung der Umwelt auch Kosteneinsparungen bei der Mannheimer Haushaltsgeräte KG, also eine Zielharmonie zwischen Ökonomie und Ökologie. Welche der folgenden Maßnahmen gehört zur Abfallvermeidung?', NULL, NULL, 0, 1),
(40, 1, 'MC', 'Immer wieder fragen Kunden nach einer weiteren Entwicklung vernetzter Haushaltsgeräte.\nBundesweit gibt es neben der MaHaG KG nur noch drei weitere Hersteller dieser zukunftsweisenden Technologie.', NULL, NULL, 0, 1),
(41, 1, 'MC', 'Die Mannheimer Haushaltsgeräte KG steht bei ihrem Angebot an kleinen Haushaltsgeräten und Zubehör mit einer Vielzahl von Mitbewerbern mit kleinen Angebotsmengen am Markt in einem Wettbewerbsprozess. Auf der Nachfrageseite gibt es eine Vielzahl von Haushalten und Unternehmen mit ihren Werkskantinen.', NULL, NULL, 0, 1),
(42, 1, 'MC', 'Die Wirtschaftsordnung der Bundesrepublik Deutschland bezeichnet man als „Soziale Marktwirtschaft“.\nBesonderes Merkmal dieser Wirtschaftsordnung ist ein funktionierender Markt. Welche Eigenschaften und Entwicklungen zeichnen diesen Markt aus?', NULL, NULL, 0, 1),
(43, 1, 'MC', 'Ohne staatliche oder anderweitige Eingriffe in das Marktgeschehen bildet sich am Markt zwischen Angebot und Nachfrage der sog. „Gleichgewichtspreis“. Welche Funktion erfüllt dieser?', NULL, NULL, 0, 1),
(44, 1, 'MC', 'Prüfen Sie, welche der nachstehenden Aussagen über den einfachen Wirtschaftskreislauf richtig ist.', NULL, NULL, 0, 1),
(45, 1, 'MC', 'Die MaHaG KG ist in den letzten Jahren stark gewachsen. Die Geschäftsleitung denkt über eine Reorganisation des Unternehmens nach. Als Mitarbeiter/-in der Stabsstelle „Betriebswirtschaftliche Analyse und Planung“ sollen Sie die Aufbauorganisation Ihres Unternehmens überprüfen. Sie schauen sich auch die Organisationsstrukturen kooperierender Unternehmen an. Die MaHaG verwendet das Stabliniensystem.', NULL, NULL, 0, 1),
(46, 1, 'MC', 'Clara Bürscheid (21 Jahre), Mitarbeiterin im Einkauf, möchte sich bei den anstehenden Wahlen der Jugend- und Auszubildendenvertretung als Kandidatin aufstellen lassen.', NULL, NULL, 0, 1),
(47, 1, 'MC', 'Nachhaltiges Wirtschaften zeichnet sich insbesondere dadurch aus, dass Ressourcen wiederverwendet werden. Bei welcher der folgenden Maßnahmen handelt die Mannheimer Haushaltsgeräte KG nachhaltig?', NULL, NULL, 0, 1),
(48, 1, 'MC', 'Aus gelieferten Edelstahlblechen fertigt die Mannheimer Haushaltsgeräte KG Edelstahlgehäuse für Waschmaschinen und Trockner. Beim Zuschneiden der Bleche fallen Reste an, die nicht unmittelbar verwendet werden können. Das Unternehmen liefert daher diese Reste an ein Edelstahlwerk, das diese einschmilzt und daraus neue Edelstahlbleche gewinnt. Welche Bezeichnung gibt es für diese Form der Rohstoffeinsparung?', NULL, NULL, 0, 1),
(49, 1, 'MC', 'Die Tarifvertragsparteien – Arbeitgeberverbände und Gewerkschaften – können die Arbeits- und Wirtschaftsbedingungen ohne staatliche Einmischung frei gestalten.', NULL, NULL, 0, 1),
(50, 2, 'MC', 'Was ist das Kernmerkmal des Minimalprinzips?', NULL, NULL, 0, 1),
(51, 2, 'MC', 'Welches Szenario beschreibt ein Oligopol?', NULL, NULL, 0, 1),
(52, 2, 'MC', 'Warum sinkt die Kaufkraft bei Inflation?', NULL, NULL, 0, 1),
(53, 2, 'MC', 'Was wird im Bruttoinlandsprodukt (BIP) NICHT berücksichtigt?', NULL, NULL, 0, 1),
(54, 2, 'MC', 'Wie reagiert der Gleichgewichtspreis, wenn das Angebot sinkt, die Nachfrage aber gleich bleibt?', NULL, NULL, 0, 1),
(55, 2, 'MC', 'Was verstehen Ökonomen unter Opportunitätskosten?', NULL, NULL, 0, 1),
(56, 2, 'MC', 'Wie unterscheidet sich die AG von der GmbH bei der Kapitalbeschaffung?', NULL, NULL, 0, 1),
(57, 2, 'MC', 'Welcher Zielkonflikt besteht oft in Unternehmen?', NULL, NULL, 0, 1),
(58, 2, 'MC', 'Wann ist Leasing für ein Unternehmen wirtschaftlich oft sinnvoll?', NULL, NULL, 0, 1),
(59, 2, 'MC', 'Wie lautet die Formel zur Berechnung des Break-Even-Points (in Stück)?', NULL, NULL, 0, 1),
(60, 2, 'MC', 'Welches Kriterium ist für ein Projekt essenziell?', NULL, NULL, 0, 1),
(61, 2, 'MC', 'Wie beeinflussen sich die Faktoren im \"Magischen Dreieck\"?', NULL, NULL, 0, 1),
(62, 2, 'MC', 'Warum ist der Projektstrukturplan so wichtig?', NULL, NULL, 0, 1),
(63, 2, 'MC', 'Was passiert, wenn sich eine Aufgabe auf dem \"Kritischen Pfad\" verzögert?', NULL, NULL, 0, 1),
(64, 2, 'MC', 'Wofür steht das \"R\" in der SMART-Methode?', NULL, NULL, 0, 1),
(65, 2, 'MC', 'Warum ist der Abnahmebericht rechtlich wichtig?', NULL, NULL, 0, 1),
(66, 2, 'MC', 'Was ist das Problem in einer Matrix-Organisation?', NULL, NULL, 0, 1),
(67, 2, 'MC', 'Was ist der \"Freie Puffer\"?', NULL, NULL, 0, 1),
(68, 2, 'MC', 'Welche Information liefert ein Gantt-Diagramm?', NULL, NULL, 0, 1),
(69, 2, 'MC', 'Was ist die Hauptaufgabe des Scrum Masters?', NULL, NULL, 0, 1),
(70, 3, 'TF', 'Welches UML-Diagramm wird hauptsächlich verwendet, um die statische Struktur eines Systems darzustellen?', NULL, NULL, 0, 1),
(71, 3, 'TF', 'Welche Beziehung wird im UML-Klassendiagramm durch eine durchgezogene Linie mit einer ausgefüllten Raute dargestellt?', NULL, NULL, 0, 1),
(72, 3, 'TF', 'Welche Art von Beziehung beschreibt eine Vererbung zwischen zwei Klassen?', NULL, NULL, 0, 1),
(73, 3, 'MC', 'Welche Elemente können in einem UML-Klassendiagramm vorkommen?', NULL, NULL, 1, 1),
(74, 3, 'MC', 'Welche UML-Diagramme zählen zu den Strukturdiagrammen?', NULL, NULL, 1, 1),
(75, 3, 'MC', 'Welche Beziehungen können im Klassendiagramm dargestellt werden?', NULL, NULL, 1, 1),
(76, 3, 'GAP', 'Ein UML-Klassendiagramm beschreibt die ', NULL, '.', 0, 1),
(77, 3, 'GAP', 'Die Komposition wird im UML‑Klassendiagramm durch eine ', NULL, '.', 0, 1),
(78, 3, 'GAP', 'In einem Klassendiagramm steht das Minuszeichen (–) für ', NULL, '.', 0, 1),
(79, 3, 'TF', 'Eine Aggregation ist stärker als eine Komposition.', NULL, NULL, 0, 1),
(80, 4, 'TF', 'Eine synchrone Nachricht blockiert den Sender, bis eine Antwort erfolgt.', NULL, NULL, 0, 1),
(81, 4, 'TF', 'Ein opt-Fragment ist ein Spezialfall eines alt‑Fragments.', NULL, NULL, 0, 1),
(82, 4, 'TF', 'Eine Aktivierung zeigt an, dass ein Objekt gerade eine Operation ausführt.', NULL, NULL, 0, 1),
(83, 4, 'TF', 'Welches UML-Diagramm zeigt die Interaktion zwischen Objekten in zeitlicher Reihenfolge?', NULL, NULL, 0, 1),
(84, 4, 'TF', 'Welche Aussage über Sequenzdiagramme trifft zu?', NULL, NULL, 0, 1),
(85, 4, 'TF', 'Welche Aussage über kombinierte Fragmente ist korrekt?', NULL, NULL, 0, 1),
(86, 4, 'MC', 'Welche Aussagen über Lebenslinien sind korrekt?', NULL, NULL, 1, 1),
(87, 4, 'MC', 'Welche Elemente können in einem Sequenzdiagramm vorkommen?', NULL, NULL, 1, 1),
(88, 4, 'GAP', 'Eine synchrone Nachricht blockiert den Sender, bis eine ', NULL, '.', 0, 1),
(89, 4, 'GAP', 'Ein kombiniertes Fragment mit dem Operator ', NULL, '.', 0, 1),
(90, 5, 'TF', 'Ein Aktivitätsdiagramm kann sowohl Kontroll‑ als auch Objektflüsse enthalten.', NULL, NULL, 0, 1),
(91, 5, 'TF', 'Ein Fork-Knoten darf nur zwei ausgehende Kanten besitzen.', NULL, NULL, 0, 1),
(92, 5, 'TF', 'Swimlanes dienen der Darstellung von Verantwortlichkeiten.', NULL, NULL, 0, 1),
(93, 5, 'TF', 'Wofür wird ein Aktivitätsdiagramm hauptsächlich verwendet?', NULL, NULL, 0, 1),
(94, 5, 'TF', 'Welche Aussage über Objektknoten ist korrekt?', NULL, NULL, 0, 1),
(95, 5, 'TF', 'Welches Diagramm eignet sich am besten, um den Ablauf eines Prozesses mit Verzweigungen und Schleifen darzustellen?', NULL, NULL, 0, 1),
(96, 5, 'MC', 'Welche Elemente können in einem Aktivitätsdiagramm vorkommen?', NULL, NULL, 1, 1),
(97, 5, 'MC', 'Welche Aussagen über Partitionen (Swimlanes) sind korrekt?', NULL, NULL, 1, 1),
(98, 5, 'GAP', 'Ein Fork-Knoten teilt einen Ablauf in mehrere ', NULL, '.', 0, 1),
(99, 5, 'GAP', 'Ein Entscheidungsknoten teilt den Ablauf basierend auf ', NULL, '.', 0, 1),
(100, 6, 'TF', 'Ein Übergang darf keine Aktion besitzen, wenn er aus einem Endzustand kommt.', NULL, NULL, 0, 1),
(101, 6, 'TF', 'Ein Übergang kann mehrere Ereignisse gleichzeitig als Trigger besitzen.', NULL, NULL, 0, 1),
(102, 6, 'TF', 'Ein Endzustand darf keine ausgehenden Übergänge besitzen.', NULL, NULL, 0, 1),
(103, 6, 'TF', 'Welche Aussage über Zustandsdiagramme ist korrekt?', NULL, NULL, 0, 1),
(104, 6, 'TF', 'Welche Aussage über Subzustände ist korrekt?', NULL, NULL, 0, 1),
(105, 6, 'TF', 'Welche Darstellung gehört typischerweise zu einem Zustandsdiagramm?', NULL, NULL, 0, 1),
(106, 6, 'MC', 'Welche Symbole können in einem Zustandsdiagramm vorkommen?', NULL, NULL, 1, 1),
(107, 6, 'MC', 'Welche Aussagen über Übergänge sind korrekt?', NULL, NULL, 1, 1),
(108, 6, 'GAP', 'Ein Zustand kann interne Aktivitäten besitzen, die als ', NULL, '.', 0, 1),
(109, 6, 'GAP', 'Ein Zustandsdiagramm beschreibt, wie ein Objekt auf ', NULL, '.', 0, 1),
(110, 7, 'TF', 'Bei einer Offenen Handelsgesellschaft (OHG) ist die Haftung auf das Gesellschaftsvermögen beschränkt.', NULL, NULL, 0, 1),
(111, 7, 'TF', 'Die Marktform, bei der wenigen Anbietern sehr viele Nachfrager gegenüberstehen, nennt man Angebotsoligopol.', NULL, NULL, 0, 1),
(112, 7, 'TF', 'In einer SWOT-Analyse beziehen sich die \"Stärken\" (Strengths) auf externe Faktoren, die für ein Unternehmen vorteilhaft sein könnten.', NULL, NULL, 0, 1),
(113, 7, 'TF', 'Das primäre Ziel der Nutzwertanalyse (Scoring-Modell) bei der Entscheidungsfindung ist es, qualitative, schwer messbare Kriterien durch Gewichtung und Punktevergabe vergleichbar zu machen.', NULL, NULL, 0, 1),
(114, 7, 'TF', 'Unter dem Begriff \"Green IT\" versteht man primär die Gestaltung der Informations- und Kommunikationstechnik über den gesamten Lebenszyklus hinweg unter ökologischen Gesichtspunkten.', NULL, NULL, 0, 1),
(115, 7, 'TF', '\"Corporate Identity\" (CI) bezeichnet eine gesetzlich vorgeschriebene Identifikationsnummer für Unternehmen.', NULL, NULL, 0, 1),
(116, 7, 'TF', 'Erhält ein Kunde eine Rechnung mit dem Vermerk \"Zahlbar bis zum 15. Mai\" und zahlt nicht, gerät er mit Ablauf des 15. Mai automatisch in Verzug, ohne dass eine Mahnung erforderlich ist.', NULL, NULL, 0, 1),
(117, 7, 'TF', 'Das wesentliche Unterscheidungsmerkmal ist, dass die Hypothek vom Bestand der zu sichernden Forderung abhängig ist (akzessorisch), die Grundschuld hingegen davon unabhängig ist (abstrakt).', NULL, NULL, 0, 1),
(118, 7, 'TF', 'Ein kennzeichnendes Merkmal für die Globalisierung der Weltwirtschaft ist die Konzentration der Produktion ausschließlich auf den nationalen Binnenmarkt.', NULL, NULL, 0, 1),
(119, 7, 'TF', 'Damit man modellhaft von einem \"vollkommenen Markt\" spricht, müssen die gehandelten Güter völlig gleichartig (homogen) sein und es muss vollständige Markttransparenz herrschen.', NULL, NULL, 0, 1),
(120, 7, 'TF', 'In der Wirtschaftstheorie handelt der sogenannte \"Homo oeconomicus\" rational und strebt nach maximalem Nutzen (Nutzenmaximierung).', NULL, NULL, 0, 1),
(121, 7, 'MC', 'Herr Müller ist seit sechs Jahren in der XYZ GmbH beschäftigt (kein Tarifvertrag). Der Arbeitgeber möchte ihm ordentlich kündigen. Welche gesetzliche Kündigungsfrist muss beachtet werden?', NULL, NULL, 0, 1),
(122, 7, 'MC', 'Ab welcher Anzahl von ständigen wahlberechtigten Arbeitnehmern können in einem Betrieb Betriebsräte gewählt werden?', NULL, NULL, 0, 1),
(123, 7, 'MC', 'Ein IT-Systemhaus kauft Server-Hardware zum Listeneinkaufspreis von 10.000 €. Der Lieferant gewährt 10 % Rabatt. Bei Zahlung innerhalb von 10 Tagen können zudem 2 % Skonto abgezogen werden. Wie hoch ist der Bareinkaufspreis?', NULL, NULL, 0, 1),
(124, 7, 'MC', 'Eine neue Maschine kostet 120.000 €. Die jährlichen Rückflüsse (Gewinn + Abschreibungen) betragen konstant 30.000 €. Wie hoch ist die statische Amortisationszeit?', NULL, NULL, 0, 1),
(125, 7, 'MC', 'Welche der folgenden Personengruppen genießen in Deutschland einen besonderen Kündigungsschutz?', NULL, NULL, 1, 1),
(126, 7, 'MC', 'Welche Phasen existieren im Produktlebenszyklus?', NULL, NULL, 1, 1),
(127, 7, 'MC', 'Welche der folgenden Aussagen zu Kapitalgesellschaften (GmbH, AG) sind wahr?', NULL, NULL, 1, 1),
(128, 7, 'MC', 'Welche der folgenden Berufe oder Branchen werden dem tertiären Wirtschaftssektor (Dienstleistungssektor) zugeordnet?', NULL, NULL, 1, 1),
(129, 7, 'MC', 'Welche Merkmale treffen typischerweise auf die Fremdfinanzierung zu?', NULL, NULL, 1, 1),
(130, 7, 'MC', 'Welche der folgenden Positionen werden in der Bezugskalkulation als Bezugskosten (Hinzurechnungen) gewertet, die den Preis erhöhen?', NULL, NULL, 1, 1),
(131, 7, 'MC', 'Welche Maßnahme gehört eindeutig zum operativen Marketing (und nicht zum strategischen)?', NULL, NULL, 1, 1),
(132, 7, 'MC', 'Welche der folgenden Maßnahmen tragen konkret zur Umsetzung von Green IT in einem Unternehmen bei?', NULL, NULL, 1, 1),
(133, 7, 'MC', 'Welche der folgenden Aufgaben gehören typischerweise zu den Kernfunktionen des operativen Controllings?', NULL, NULL, 1, 1),
(134, 7, 'MC', 'Welche der folgenden Auswirkungen werden typischerweise mit der Globalisierung verbunden?', NULL, NULL, 1, 1),
(135, 7, 'MC', 'Welche Aussagen zum Themenkomplex Bedürfnis, Bedarf und Nachfrage sind korrekt?', NULL, NULL, 1, 1),
(136, 7, 'MC', 'Wodurch zeichnen sich \"Wirtschaftsgüter\" (im Gegensatz zu freien Gütern) aus?', NULL, NULL, 1, 1),
(137, 7, 'MC', 'Welche Rechte stehen einem Gläubiger (z. B. einem Lieferanten) grundsätzlich zu, wenn sich der Schuldner im Zahlungsverzug befindet?', NULL, NULL, 1, 1),
(138, 7, 'MC', 'Welche der folgenden Kreditsicherheiten zählen zu den sogenannten Realsicherheiten (Sachsicherheiten)?', NULL, NULL, 1, 1),
(139, 7, 'GAP', NULL, NULL, NULL, 0, 1),
(140, 7, 'GAP', NULL, NULL, NULL, 0, 1),
(141, 7, 'GAP', NULL, NULL, NULL, 0, 1),
(142, 7, 'GAP', NULL, NULL, NULL, 0, 1),
(143, 7, 'GAP', NULL, NULL, NULL, 0, 1),
(144, 7, 'GAP', NULL, NULL, NULL, 0, 1),
(196, 8, 'MC', 'In SQL wird ein SELECT-Statement verwendet, um Daten aus Tabellen zu lesen. Welche Anweisung liest alle Spalten einer Tabelle customer aus?', NULL, NULL, 0, 1),
(197, 8, 'MC', 'Ein Primärschlüssel stellt Eindeutigkeit sicher. Welche Eigenschaft trifft nicht auf einen Primärschlüssel zu?', NULL, NULL, 0, 1),
(198, 8, 'MC', 'Das WHERE-Statement dient der Filterung. Welche Abfrage liefert alle Kunden mit age > 30?', NULL, NULL, 0, 1),
(199, 8, 'MC', 'Ein JOIN verbindet Tabellen basierend auf Beziehungen. Welche JOIN-Art liefert nur Zeilen mit passendem Match in beiden Tabellen?', NULL, NULL, 0, 1),
(200, 8, 'MC', 'GROUP BY wird zur Aggregation genutzt. Welche Spalte muss im GROUP BY stehen?', NULL, NULL, 0, 1),
(201, 8, 'MC', 'Aggregatfunktionen berechnen Werte über Zeilen hinweg. Welche der folgenden Funktionen sind Aggregatfunktionen? (Mehrfachauswahl)', NULL, NULL, 1, 1),
(202, 8, 'MC', 'Transaktionen bündeln SQL-Operationen. Welche Anweisungen gehören zu Transaktionen? (Mehrfachauswahl)', NULL, NULL, 1, 1),
(203, 8, 'MC', 'Um eine Ausgabe aus einer oder mehreren Tabellen in der absteigende Reihenfolge aufzulisten, verwendet man', NULL, NULL, 0, 1),
(204, 8, 'MC', 'UPDATE verändert bestehende Zeilen. Welche Teile gehören zu einem vollständigen UPDATE?', NULL, NULL, 1, 1),
(205, 8, 'MC', 'SQL-Tabellen nutzen definierte Datentypen. Welche gehören zu SQL-Standarddatentypen? (Mehrfachauswahl)', NULL, NULL, 1, 1),
(206, 8, 'MC', 'Die Normalisierung reduziert Redundanz. Welche Normalform verlangt atomare Werte?', NULL, NULL, 0, 1),
(207, 8, 'MC', 'SQL nutzt bestimmte Schlüsselwörter zum Filtern. Wähle das passende Schlüsselwort.', NULL, NULL, 0, 1),
(208, 8, 'MC', 'SQL kennt unterschiedliche Delete-Operationen. Welche Operation löscht alle Zeilen und ist schneller als DELETE?', NULL, NULL, 0, 1),
(209, 8, 'MC', 'Stored Procedures speichern SQL-Logik. Was zeichnet Stored Procedures aus? (Mehrfachauswahl)', NULL, NULL, 1, 1),
(210, 8, 'MC', 'In SQL gibt es ein spezielles Schlüsselwort, das verwendet wird, um sicherzustellen, dass eine Abfrage nur eindeutige Werte aus einer Spalte zurückgibt.', NULL, NULL, 0, 1),
(211, 8, 'TF', 'Ein PRIMARY KEY darf doppelte Werte enthalten.', NULL, NULL, 0, 1),
(212, 8, 'TF', 'Ein FOREIGN KEY verweist auf einen PRIMARY KEY einer anderen Tabelle.', NULL, NULL, 0, 1),
(213, 8, 'TF', 'SQL ist eine deklarative Sprache.', NULL, NULL, 0, 1),
(214, 8, 'TF', 'SQL verwendet Schlüsselwörter zur Datenanalyse.', NULL, NULL, 0, 1),
(215, 8, 'TF', 'DELETE löscht die gesamte Tabelle.', NULL, NULL, 0, 1),
(216, 8, 'TF', 'Ein LEFT JOIN liefert auch Zeilen ohne Match.', NULL, NULL, 0, 1),
(217, 8, 'TF', 'Ein Index kann Abfragen beschleunigen.', NULL, NULL, 0, 1),
(218, 8, 'TF', 'NOT NULL bedeutet, dass ein Wort leer sein darf.', NULL, NULL, 0, 1),
(219, 8, 'TF', 'COUNT(*) zählt nur nicht-NULL Werte.', NULL, NULL, 0, 1),
(220, 8, 'TF', 'Ein View speichert keine Daten, sondern eine Abfrage.', NULL, NULL, 0, 1),
(221, 8, 'TF', 'Ein UNIQUE-Constraint verhindert NULL-Werte.', NULL, NULL, 0, 1),
(222, 8, 'TF', 'Tabellen können mehrere FOREIGN KEYS besitzen.', NULL, NULL, 0, 1),
(223, 8, 'TF', 'DISTINCT entfernt doppelte Werte.', NULL, NULL, 0, 1),
(224, 8, 'GAP', 'Der Operator für Mustervergleiche lautet', NULL, NULL, 0, 1),
(225, 8, 'GAP', 'Die Klausel, die die Anzahl der Zeilen reduziert, heißt', NULL, '.', 0, 2),
(226, 8, 'GAP', 'Mit', NULL, 'werden neue Zeilen eingefügt.', 0, 1),
(227, 8, 'GAP', 'JOIN-Bedingungen stehen üblicherweise nach dem Schlüsselwort', NULL, '.', 0, 1),
(228, 8, 'GAP', 'Eine SQL-Abfrage endet mit einem', NULL, '.', 0, 1),
(229, 8, 'GAP', 'Ein Index wird mit', NULL, 'erstellt', 0, 1),
(230, 8, 'GAP', 'Die Klausel', NULL, 'sortiert Abfrageergebnisse.', 0, 1),
(231, 8, 'GAP', 'Mit', NULL, 'können Zeilen gruppiert werden.', 0, 1),
(232, 8, 'GAP', 'Die Funktion', NULL, 'berechnet den Durchschnitt.', 0, 1),
(233, 9, 'MC', 'Welche Aussage zur 2. Normalform (2NF) ist korrekt?', NULL, NULL, 0, 1),
(234, 9, 'MC', 'Welche Aussagen zur Normalisierung sind korrekt?', NULL, NULL, 1, 1),
(235, 10, 'MC', 'Welche SQL-Statements sind syntaktisch korrekt und sinnvoll?', NULL, NULL, 1, 1),
(236, 11, 'MC', 'Welche Aussagen zur Umsetzung von Beziehungen im relationalen Modell sind korrekt?', NULL, NULL, 1, 1),
(237, 11, 'TF', 'Ein Fremdschlüssel kann auf einen Primärschlüssel oder auf einen UNIQUE-Constraint einer anderen Tabelle zeigen.', NULL, NULL, 0, 3),
(238, 12, 'TF', 'Ein JOIN in SQL ist ausschließlich für die Anzeige von Daten notwendig, er ändert die Tabellenstruktur nicht.', NULL, NULL, 0, 1),
(239, 12, 'TF', 'Ein LEFT JOIN liefert nur Datensätze, die in beiden Tabellen übereinstimmen.', NULL, NULL, 0, 1),
(240, 12, 'TF', 'Ein Subquery in der WHERE-Klausel kann mehrere Werte zurückgeben, wenn die Bedingung = verwendet wird.', NULL, NULL, 0, 1),
(241, 12, 'GAP', NULL, NULL, NULL, 0, 1),
(242, 11, 'GAP', NULL, NULL, NULL, 0, 1),
(243, 9, 'MC', 'Welche Aussage zur 3. Normalform (3NF) ist korrekt?', NULL, NULL, 0, 3),
(244, 13, 'MC', 'Welche Aussagen zu Primärschlüssel und UNIQUE sind korrekt?', NULL, NULL, 1, 2),
(245, 13, 'MC', 'Welche Aussagen zu Indizes sind korrekt?', NULL, NULL, 1, 3),
(246, 10, 'MC', 'Welche Aussagen zu GROUP BY und Aggregatfunktionen sind korrekt?', NULL, NULL, 1, 3),
(247, 11, 'TF', 'Ein Fremdschlüssel darf NULL sein, wenn die Beziehung optional ist.', NULL, NULL, 0, 2),
(248, 10, 'TF', 'Die WHERE-Klausel wird nach der GROUP BY-Klausel ausgeführt und kann aggregierte Werte filtern.', NULL, NULL, 0, 2),
(249, 12, 'TF', 'Ein INNER JOIN liefert nur Datensätze, für die in beiden Tabellen passende Zeilen existieren.', NULL, NULL, 0, 1),
(250, 13, 'TF', 'Ein UNIQUE-Constraint erlaubt in SQL niemals mehrere NULL-Werte in derselben Spalte.', NULL, NULL, 0, 2),
(251, 11, 'GAP', NULL, NULL, NULL, 0, 1),
(252, 12, 'GAP', NULL, NULL, NULL, 0, 4),
(253, 14, 'MC', 'Welche SQL-Statements sind korrekt', NULL, NULL, 1, 4),
(254, 13, 'MC', 'Welche Aussagen zu Datentypen sind korrekt?', NULL, NULL, 1, 2),
(255, 10, 'MC', 'Welche Aggregatfunktionen gibt es?', NULL, NULL, 1, 2),
(256, 10, 'MC', 'Welche Aussage zu WHERE und HAVING ist korrekt?', NULL, NULL, 0, 3),
(257, 10, 'TF', 'COALESCE gibt den ersten nicht-NULL Wert zurück', NULL, NULL, 0, 2),
(258, 10, 'TF', 'COUNT(*) zählt nur Nicht-NULL Werte', NULL, NULL, 0, 1),
(259, 10, 'TF', 'AVG berücksichtigt NULL-Werte bei der Durchschnittsberechnung', NULL, NULL, 0, 2),
(260, 10, 'TF', 'LIMIT begrenzt die Anzahl der ausgegebenen Zeilen', NULL, NULL, 0, 1),
(261, 10, 'GAP', NULL, NULL, NULL, 0, 1),
(262, 14, 'GAP', NULL, NULL, NULL, 0, 4),
(263, 14, 'MC', 'Wofür steht ACID?', NULL, NULL, 0, 1),
(264, 14, 'MC', 'Welche Aussagen über Trigger in SQL sind zutreffend?', NULL, NULL, 1, 1),
(265, 14, 'MC', 'Welche Eigenschaft kennzeichnet eine Transaktion im Datenbankkontext (ACID)?', NULL, NULL, 1, 2),
(266, 14, 'MC', 'Was ist der Hauptunterschied zwischen DROP und DELETE?', NULL, NULL, 0, 3),
(267, 13, 'TF', 'Mit dem REVOKE-Befehl können einem Benutzer zuvor erteilte Rechte wieder entzogen werden.', NULL, NULL, 0, 2),
(268, 12, 'TF', 'Ein INNER JOIN und ein WHERE-Join (verknüpfte Tabellen in der WHERE-Klausel) sind funktional identisch.', NULL, NULL, 0, 1),
(269, 14, 'TF', 'Ein TRUNCATE TABLE-Befehl kann durch ein ROLLBACK rückgängig gemacht werden.', NULL, NULL, 0, 3),
(270, 14, 'TF', 'Ein DEFAULT-Wert in einer Tabellenspalte verhindert die Eingabe von NULL-Werten.', NULL, NULL, 0, 2),
(271, 12, 'GAP', NULL, NULL, NULL, 0, 4),
(272, 14, 'GAP', NULL, NULL, NULL, 0, 4),
(273, 10, 'MC', 'Welche Aussage zu GROUP BY ist korrekt?', NULL, NULL, 0, 2),
(274, 11, 'MC', 'Welche Aussagen zu Fremdschlüsseln sind korrekt?', NULL, NULL, 1, 2),
(275, 9, 'MC', 'Welche Aussagen zu Normalformen sind korrekt?', NULL, NULL, 1, 5),
(276, 14, 'MC', 'Welche Aussagen zu Transaktionen sind korrekt?', NULL, NULL, 1, 4),
(277, 12, 'MC', 'Welche Aussagen zu JOIN-Typen sind korrekt?', NULL, NULL, 1, 2),
(278, 13, 'MC', 'Welche Aussagen zu Indizes sind korrekt?', NULL, NULL, 1, 3),
(279, 11, 'TF', 'Eine Tabelle kann mehrere Fremdschlüssel besitzen.', NULL, NULL, 0, 2),
(280, 10, 'TF', 'HAVING kann ohne GROUP BY verwendet werden.', NULL, NULL, 0, 2),
(281, 14, 'TF', 'Ein CHECK-Constraint kann Wertebereiche für eine Spalte einschränken.', NULL, NULL, 0, 1),
(282, 13, 'TF', 'Ein INDEX garantiert automatisch die Eindeutigkeit der Werte.', NULL, NULL, 0, 1),
(283, 10, 'GAP', NULL, NULL, NULL, 0, 3),
(284, 11, 'GAP', NULL, NULL, NULL, 0, 3),
(285, 15, 'MC', 'Welches Entwurfsmuster stellt sicher, dass von einer Klasse nur eine Instanz existiert?', NULL, NULL, 0, 1),
(286, 15, 'MC', 'Welche Zeitkomplexität (Big-O) hat die binäre Suche im Worst-Case?', NULL, NULL, 0, 1),
(287, 15, 'MC', 'Welche Datenstruktur arbeitet nach dem FIFO-Prinzip (First-In-First-Out)?', NULL, NULL, 0, 1),
(288, 15, 'MC', 'Was beschreibt eine Komposition in einem UML-Klassendiagramm?', NULL, NULL, 0, 1),
(289, 15, 'MC', 'Welches SOLID-Prinzip besagt, dass eine Klasse nur einen Grund für Änderungen haben sollte?', NULL, NULL, 0, 1),
(290, 15, 'MC', 'Was passiert beim \"Overloading\" (Überladen) einer Methode?', NULL, NULL, 0, 1),
(291, 15, 'MC', 'Welcher Sortieralgorithmus nutzt das \"Divide and Conquer\"-Verfahren?', NULL, NULL, 0, 1),
(292, 15, 'MC', 'In einem PAP (Programmablaufplan) steht ein Parallelogramm für?', NULL, NULL, 0, 1),
(293, 15, 'MC', 'Was ist ein \"Pointer\" (Zeiger)?', NULL, NULL, 0, 1),
(294, 15, 'MC', 'Was beschreibt das \"Liskovsche Substitutionsprinzip\"?', NULL, NULL, 0, 1),
(295, 15, 'MC', 'Welche Fehlermeldung tritt auf, wenn auf ein Objekt zugegriffen wird, das nicht instanziiert wurde?', NULL, NULL, 0, 1),
(296, 15, 'MC', 'Was ist der Vorteil eines Binärbaums gegenüber einer linearen Liste?', NULL, NULL, 0, 1),
(297, 15, 'MC', 'Wofür steht das \"M\" im MVC-Entwurfsmuster?', NULL, NULL, 0, 1),
(298, 15, 'MC', 'Welches Keyword verhindert in Java, dass eine Klasse weiter vererbt werden kann?', NULL, NULL, 0, 1),
(299, 15, 'GAP', 'Lückentext 1.1', NULL, NULL, 0, 1),
(300, 15, 'GAP', 'Lückentext 2', NULL, NULL, 0, 1),
(301, 15, 'GAP', 'Lückentext 3', NULL, NULL, 0, 1),
(302, 15, 'GAP', 'Lückentext 4', NULL, NULL, 0, 1),
(303, 15, 'GAP', 'Lückentext 5', NULL, NULL, 0, 1),
(304, 15, 'GAP', 'Lückentext 6', NULL, NULL, 0, 1),
(305, 15, 'GAP', 'Lückentext 7', NULL, NULL, 0, 1),
(306, 15, 'GAP', 'Lückentext 8', NULL, NULL, 0, 1),
(307, 15, 'GAP', 'Lückentext 9', NULL, NULL, 0, 1),
(308, 15, 'GAP', 'Lückentext 10', NULL, NULL, 0, 1),
(309, 15, 'GAP', 'Lückentet 11', NULL, NULL, 0, 1),
(310, 15, 'GAP', 'Lückentext 12', NULL, NULL, 0, 1),
(311, 15, 'MC', 'Welche Datenstruktur eignet sich besonders gut zur Implementierung von Rekursionen?', NULL, NULL, 0, 1),
(312, 15, 'MC', 'Welche Aussage beschreibt eine Hash-Tabelle am besten?', NULL, NULL, 0, 1),
(313, 15, 'MC', 'Welcher Algorithmus wird häufig zum Finden des kürzesten Weges in einem Graphen verwendet?', NULL, NULL, 0, 1),
(314, 15, 'MC', 'Welche Eigenschaft beschreibt \"Kapselung\" in der objektorientierten Programmierung?', NULL, NULL, 0, 1),
(315, 15, 'MC', 'Was beschreibt ein Interface in Java am besten?', NULL, NULL, 0, 1),
(316, 15, 'MC', 'Welche Traversierung besucht bei einem Binärbaum zuerst die Wurzel, dann den linken und anschließend den rechten Teilbaum?', NULL, NULL, 0, 1),
(317, 15, 'MC', 'Welcher Datentyp speichert in Java eine Folge von Zeichen?', NULL, NULL, 0, 1),
(318, 15, 'MC', 'Was beschreibt Polymorphismus in der objektorientierten Programmierung?', NULL, NULL, 0, 1),
(319, 15, 'MC', 'Welcher Algorithmus durchsucht zuerst möglichst tief einen Graphen, bevor er zurückgeht?', NULL, NULL, 0, 1),
(320, 15, 'MC', 'Welche Aussage über Bubble Sort ist korrekt?', NULL, NULL, 0, 1),
(321, 15, 'MC', 'Welcher Sortieralgorithmus hat im Durchschnitt eine Zeitkomplexität von $O(n log n)$?', NULL, NULL, 0, 1),
(322, 15, 'MC', 'Welche Eigenschaft beschreibt eine rekursive Methode?', NULL, NULL, 0, 1),
(323, 15, 'MC', 'Was ist ein Graph in der Informatik?', NULL, NULL, 0, 1),
(324, 15, 'MC', 'Welche Aufgabe hat ein Konstruktor in einer Klasse?', NULL, NULL, 0, 1),
(325, 16, 'TF', 'Finally wird immer ausgeführt, unabhängig davon, ob eine Ausnahme aufgetreten ist oder nicht.', NULL, NULL, 0, 1),
(326, 16, 'MC', 'Was wird die Ausgabe des folgenden Programms sein?\r\n\r\nclass CustomException extends Exception {\r\npublic CustomException(String message) {\r\nsuper(message);
INSERT INTO question (question_id, question_set_id, question_type, start_text, image_url, end_text, allows_multiple, points) VALUES
(486, 22, 'MC', 'Was ist eine Entität im ERM?', NULL, 'Eine Entität ist ein eindeutig identifizierbares Objekt der realen Welt, das in der Datenbank abgebildet werden soll. Im ER-Diagramm wird sie als Rechteck dargestellt.', 0, 1),
(487, 22, 'MC', 'Was versteht man unter einem Attribut im ERM?', NULL, 'Attribute beschreiben Eigenschaften einer Entität oder Beziehung. Im ER-Diagramm als Ellipse dargestellt. Schlüsselattribute werden unterstrichen.', 0, 1),
(488, 22, 'MC', 'Was ist ein Primärschlüssel?', NULL, 'Ein Primärschlüssel identifiziert jeden Datensatz in einer Tabelle eindeutig. Er darf nicht NULL sein und muss für jede Zeile einmalig sein.', 0, 1),
(489, 22, 'MC', 'Was ist ein Fremdschlüssel?', NULL, 'Ein Fremdschlüssel ist ein Attribut in einer Tabelle, das auf den Primärschlüssel einer anderen Tabelle verweist und damit referentielle Integrität sicherstellt.', 0, 1),
(490, 22, 'MC', 'Was bedeutet die Kardinalität 1:n in einer Beziehung?', NULL, 'Bei einer 1:n-Beziehung kann einem Datensatz auf der 1-Seite mehrere Datensätze auf der n-Seite zugeordnet sein, aber jeder n-Datensatz gehört genau einem 1-Datensatz.', 0, 1),
(491, 22, 'MC', 'Wie wird eine m:n-Beziehung im relationalen Modell umgesetzt', NULL, 'Eine m:n-Beziehung kann im relationalen Modell nicht direkt abgebildet werden. Sie wird durch eine Zwischentabelle aufgelöst, die die Primärschlüssel beider Tabellen als Fremdschlüssel enthält.', 0, 1),
(492, 22, 'MC', 'Was ist ein zusammengesetzter Primärschlüssel?', NULL, 'Ein zusammengesetzter Primärschlüssel besteht aus mehreren Attributen, die gemeinsam einen Datensatz eindeutig identifizieren. Kein einzelnes Attribut allein reicht dafür aus.', 0, 1),
(493, 22, 'MC', 'Was besagt die Erste Normalform (1NF)?', NULL, '1NF fordert atomare Attributwerte – keine Mengen, Listen oder Wiederholungsgruppen in einer Zelle. Eine Zelle enthält genau einen Wert.', 0, 1),
(494, 22, 'MC', 'Ein Datenbankfeld enthält den Wert „Müller, Schmidt, Wagner\" als eine einzige Zeichenkette. Welche Normalform ist verletzt?', NULL, 'Der Wert ist nicht atomar – er enthält mehrere Namen in einem Feld. Das verletzt die 1NF, die atomare Werte fordert.', 0, 1),
(495, 22, 'MC', 'Was ist Voraussetzung für die Zweite Normalform (2NF)?', NULL, '2NF setzt 1NF voraus. Zusätzlich muss jedes Nicht-Schlüssel-Attribut voll funktional vom gesamten Primärschlüssel abhängen – nicht nur von einem Teil davon (keine partiellen Abhängigkeiten).', 0, 1),
(496, 22, 'MC', 'Eine Tabelle mit dem zusammengesetzten Schlüssel (BestellungID, ArtikelID) enthält das Attribut „KundenName\", das nur von „BestellungID\" abhängt. Welche Normalform ist verletzt?', NULL, 'KundenName hängt nur von BestellungID ab – einem Teil des zusammengesetzten Primärschlüssels. Das ist eine partielle Abhängigkeit und verletzt die 2NF.', 0, 1),
(497, 22, 'MC', 'Was beschreibt die Dritte Normalform (3NF)?', NULL, '3NF setzt 2NF voraus und verlangt zusätzlich, dass keine transitiven Abhängigkeiten zwischen Nicht-Schlüssel-Attributen existieren. Kein Nicht-Schlüssel-Attribut darf von einem anderen Nicht-Schlüssel-Attribut abhängen.', 0, 1),
(498, 22, 'MC', 'Eine Tabelle enthält: MitarbeiterID → AbteilungsID → AbteilungsLeiter. Welche Normalform ist verletzt?', NULL, 'AbteilungsLeiter hängt nicht direkt vom Primärschlüssel (MitarbeiterID) ab, sondern transitiv über AbteilungsID. Das verletzt die 3NF.', 0, 1),
(499, 22, 'GAP', 'Was ist eine Einfügeanomalie?', NULL, 'Eine Einfügeanomalie liegt vor, wenn ein neuer Datensatz nicht eingefügt werden kann, ohne gleichzeitig andere, nicht relevante Daten einzutragen – typisches Symptom einer nicht normalisierten Tabelle.', 0, 1),
(500, 22, 'MC', 'Was ist eine Löschanomalie?', NULL, 'Eine Löschanomalie tritt auf, wenn beim Löschen eines Datensatzes unbeabsichtigt andere relevante Informationen verloren gehen, weil Daten unnötig zusammengefasst wurden.', 0, 1),
(501, 22, 'MC', 'Was ist eine Änderungsanomalie?', NULL, 'Wenn dieselbe Information mehrfach in einer Tabelle gespeichert ist, muss sie bei einer Änderung an mehreren Stellen manuell aktualisiert werden. Wird eine Stelle vergessen, entstehen inkonsistente Daten.', 0, 1),
(502, 22, 'GAP', 'Was versteht man unter referentieller Integrität?', NULL, 'Referentielle Integrität bedeutet, dass ein Fremdschlüsselwert entweder NULL ist oder auf einen tatsächlich existierenden Primärschlüssel in der referenzierten Tabelle zeigen muss.', 0, 1),
(503, 22, 'MC', 'Was passiert, wenn referentielle Integrität verletzt wird?', NULL, 'Bei einer Verletzung der referentiellen Integrität existiert ein Fremdschlüsselwert, dem kein entsprechender Primärschlüssel in der referenzierten Tabelle gegenübersteht – ein sogenannter Dangling Reference.', 0, 1),
(504, 22, 'TF', 'Eine schwache Entität kann durch eigene Attribute alleine eindeutig identifiziert werden. Sie ist für ihre Existenz und Identifikation auf eine starke Entität angewiesen. Im ER-Diagramm als doppeltes Rechteck dargestellt.', NULL, 'Eine schwache Entität kann nicht durch eigene Attribute alleine eindeutig identifiziert werden. Sie ist für ihre Existenz und Identifikation auf eine starke Entität angewiesen. Im ER-Diagramm als doppeltes Rechteck dargestellt.', 0, 1),
(505, 22, 'MC', 'Was ist eine rekursive Beziehung im ERM?', NULL, 'Eine rekursive (unäre) Beziehung verbindet eine Entität mit sich selbst. Klassisches Beispiel: Ein Mitarbeiter kann Vorgesetzter anderer Mitarbeiter sein – beides sind Instanzen derselben Entität.', 0, 1),
(506, 22, 'MC', 'Was ist ein Schlüsselkandidat (Candidate Key)?', NULL, 'Ein Kandidatenschlüssel ist jede minimale Attributkombination, die alle Zeilen einer Tabelle eindeutig identifizieren kann. Aus allen Kandidatenschlüsseln wird einer als Primärschlüssel ausgewählt.', 0, 1),
(507, 22, 'MC', 'Was unterscheidet einen natürlichen Schlüssel von einem Surrogatschlüssel?', NULL, 'Ein natürlicher Schlüssel ist ein fachliches Attribut mit eigener Bedeutung (z.B. Steuernummer, ISBN). Ein Surrogatschlüssel ist ein künstlich erzeugter Wort ohne fachliche Bedeutung (z.B. auto-increment ID).', 0, 1),
(508, 22, 'MC', 'Wie wird eine 1:1-Beziehung im relationalen Modell typischerweise umgesetzt?', NULL, 'Bei einer 1:1-Beziehung kann der Primärschlüssel einer Tabelle als Fremdschlüssel in der anderen eingetragen werden, oder beide Entitäten werden zu einer einzigen Tabelle zusammengeführt.', 0, 1),
(509, 22, 'MC', 'Was beschreibt Funktionale Abhängigkeit im Kontext der Normalisierung?', NULL, 'Attribut B ist funktional abhängig von Attribut A (A → B), wenn jeder Wert von A genau einen Wert von B bestimmt. Dies ist die Grundlage aller Normalformen.', 0, 1),
(510, 22, 'MC', 'Welche Modellierungsregel gilt beim Überführen eines ERM ins relationale Modell für m:n-Beziehungen?', NULL, 'm:n-Beziehungen können im relationalen Modell nicht direkt abgebildet werden. Es wird eine eigene Zwischentabelle erstellt, die die Primärschlüssel beider Entitäten als Fremdschlüssel und ggf. eigene Beziehungsattribute enthält.', 0, 1),
(511, 22, 'MC', 'Warum sollte man NULL-Werte bei Primärschlüsseln verbieten?', NULL, 'Ein Primärschlüssel muss jeden Datensatz eindeutig identifizieren können. NULL bedeutet \'unbekannt\' und erlaubt keine eindeutige Identifikation – daher ist NULL in Primärschlüsseln grundsätzlich verboten.', 0, 1),
(512, 22, 'MC', 'Was ist der Unterschied zwischen einem konzeptionellen und einem logischen Datenmodell?', NULL, 'Das konzeptionelle Modell (ERM) beschreibt fachliche Zusammenhänge unabhängig von Technik und Implementierung. Das logische Modell (relationales Schema) überführt das ERM in konkrete Tabellenstrukturen.', 0, 1),
(513, 22, 'MC', 'Was versteht man unter Denormalisierung?', NULL, 'Denormalisierung ist das bewusste Einführen von Redundanz in ein normalisiertes Schema, um Leseperformance zu steigern. Dabei werden Tabellen zusammengeführt oder Daten dupliziert – auf Kosten der Datenkonsistenz.', 0, 1),
(514, 22, 'MC', 'Welche Kardinalitätsnotation drückt aus, dass ein Kunde mindestens eine, aber beliebig viele Bestellungen haben kann?', NULL, 'Die Notation 1:n (bzw. in Min-Max-Notation (1,1) auf Kundenseite und (1,n) auf Bestellungsseite) drückt aus, dass jeder Kunde mindestens eine Bestellung hat und beliebig viele haben kann.', 0, 1),
(515, 22, 'MC', 'Was bedeutet die Min-Max-Notation (0,1) bei einer Beziehung?', NULL, 'Die Notation (0,1) bedeutet, dass die Entität an der Beziehung mit keinem oder genau einem Partner beteiligt sein kann – die Teilnahme ist also optional, aber höchstens einmal möglich.', 0, 1),
(516, 22, 'MC', 'Ein Attribut enthält sowohl Straße als auch Hausnummer als einen gemeinsamen String. Welche Lösung entspricht der 1NF?', NULL, 'Die 1NF fordert atomare Werte. Straße und Hausnummer sind zwei verschiedene Informationen und müssen in separate Attribute aufgeteilt werden.', 0, 1),
(517, 22, 'MC', 'Was ist ein zusammengesetztes Attribut im ERM?', NULL, 'Ein zusammengesetztes Attribut besteht aus mehreren Teilattributen, z.B. ist Adresse zusammengesetzt aus Straße, PLZ und Ort. Im ER-Diagramm verzweigt sich die Ellipse in Teilellipsen.', 0, 1),
(518, 22, 'MC', 'Was ist ein mehrwertiges Attribut im ERM?', NULL, 'Ein mehrwertiges Attribut kann für eine Entität mehrere Werte annehmen, z.B. kann ein Kunde mehrere Telefonnummern haben. Im ER-Diagramm durch eine doppelte Ellipse dargestellt.', 0, 1),
(519, 22, 'MC', 'Wie wird ein mehrwertiges Attribut im relationalen Modell korrekt abgebildet?', NULL, 'Mehrwertige Attribute können nicht direkt in einer Spalte gespeichert werden (das würde 1NF verletzen). Sie werden in eine eigene Tabelle ausgelagert mit einem Fremdschlüssel auf die Ursprungsentität.', 0, 1),
(520, 22, 'MC', 'Was ist der Unterschied zwischen einer Entität und einem Entitätstyp?', NULL, 'Ein Entitätstyp beschreibt die Klasse aller gleichartigen Objekte (z.B. \'Kunde\' als Konzept). Eine Entität ist eine konkrete Instanz dieses Typs (z.B. der Kunde \'Müller mit KundenID 42\').', 0, 1),
(521, 22, 'MC', 'Warum werden Beziehungen im ERM in eigene Tabellen überführt, auch wenn sie nur Fremdschlüssel enthalten?', NULL, 'Bei m:n-Beziehungen ist eine Zwischentabelle technisch notwendig, da das relationale Modell keine direkten m:n-Beziehungen unterstützt. Nur so können die Verknüpfungen ohne Redundanz abgebildet werden.', 0, 1),
(522, 22, 'MC', 'Was ist ein abgeleitetes Attribut im ERM?', NULL, 'Ein abgeleitetes Attribut ist ein Attribut, dessen Wert aus anderen gespeicherten Attributen berechnet werden kann. Es wird im ER-Diagramm durch eine gestrichelte Ellipse dargestellt und muss nicht physisch gespeichert werden.', 0, 1),
(523, 22, 'MC', 'Welche Situation ist ein typisches Zeichen für eine fehlende Normalisierung?', NULL, 'Wenn dieselbe Information – z.B. eine Kundenadresse – in mehreren Zeilen wiederholt gespeichert wird, deutet das auf fehlende Normalisierung hin. Jede Änderung muss dann an mehreren Stellen vorgenommen werden.', 0, 1),
(524, 22, 'MC', 'Gegeben ist ein ERM mit den Entitäten „Student\" und „Kurs\" in einer m:n-Beziehung „belegt\". Welche Tabellen entstehen beim Überführen ins relationale Modell?', NULL, 'Aus den zwei Entitäten werden zwei Tabellen (Student, Kurs). Die m:n-Beziehung wird durch eine dritte Tabelle (z.B. Belegung) aufgelöst, die StudentID und KursID als Fremdschlüssel enthält.', 0, 1),
(525, 22, 'TF', 'Quellcode ist automatisch durch das Urheberrecht geschützt, auch ohne Registrierung.', NULL, 'Quellcode ist automatisch urheberrechtlich geschützt.', 0, 1),
(526, 22, 'TF', 'Ein Werkvertrag verpflichtet den Auftragnehmer zur Erbringung eines bestimmten Erfolgs.', NULL, 'Ein Werkvertrag schuldet einen Erfolg.', 0, 1),
(527, 22, 'MC', 'Welche Aussage beschreibt eine AGB am besten?', NULL, 'AGB sind vorformulierte Vertragsbedingungen.', 0, 1),
(528, 22, 'MC', 'Welche Lizenz erlaubt die kommerzielle Nutzung ohne Einschränkungen?', NULL, 'Die MIT‑Lizenz erlaubt kommerzielle Nutzung ohne Einschränkungen.', 0, 1),
(529, 22, 'MC', 'Welche Pflicht ergibt sich aus der DSGVO für Unternehmen?', NULL, 'Datenminimierung ist eine Pflicht der DSGVO.', 0, 1),
(530, 22, 'GAP', NULL, NULL, 'Bei einem **Dienstvertrag** schuldet der Auftragnehmer keinen Erfolg.', 0, 1),
(531, 22, 'GAP', NULL, NULL, 'Das **Urheberrecht** schützt Softwareentwickler.', 0, 1),
(532, 22, 'GAP', 'Personenbezogene Daten dürfen nur verarbeitet werden,', NULL, NULL, 0, 1),
(533, 22, 'GAP', 'Ein Kunde kann bei mangelhafter', NULL, NULL, 0, 1),
(534, 22, 'GAP', 'Die DSGVO gilt für alle Unternehmen,', NULL, NULL, 0, 1),
(535, 22, 'TF', 'Variable Kosten steigen mit der Produktionsmenge.', NULL, 'Variable Kosten steigen mit der Menge.', 0, 1),
(536, 22, 'TF', 'Der Break-even-Point ist erreicht, wenn Gewinn = 0 ist.', NULL, 'Break-even bedeutet Gewinn = 0.', 0, 1),
(537, 22, 'MC', 'Was gehört NICHT zu den drei Zielen des magischen Dreiecks?', NULL, 'Kundenzufriedenheit gehört nicht zum magischen Dreieck.', 0, 1),
(538, 22, 'MC', 'Welche Kostenart zählt zu den fixen Kosten?', NULL, 'Miete ist eine fixe Kostenart.', 0, 1),
(539, 22, 'MC', 'Was beschreibt eine Make-or-Buy-Entscheidung?', NULL, 'Make-or-Buy entscheidet über Eigenentwicklung oder Einkauf.', 0, 1),
(540, 22, 'GAP', NULL, NULL, 'Der **Break-even-Point** zeigt die Kostendeckung.', 0, 1),
(541, 22, 'GAP', 'Die Liquidität beschreibt die Fähigkeit,', NULL, 'Liquidität beschreibt die Fähigkeit, **Verbindlichkeiten** zu bezahlen.', 0, 1),
(542, 22, 'GAP', NULL, NULL, 'Eine **Kosten-Nutzen-Analyse** vergleicht Aufwand und Nutzen.', 0, 1),
(543, 22, 'GAP', 'Fixe Kosten bleiben unabhängig von der', NULL, 'Fixe Kosten bleiben unabhängig von der **Menge** konstant.', 0, 1),
(544, 22, 'GAP', NULL, NULL, 'Ein Budget ist eine **Planung** für zukünftige Ausgaben.', 0, 1),
(545, 22, 'TF', 'Ein Use-Case-Diagramm zeigt die Interaktionen zwischen Akteuren und System.', NULL, 'Use-Case-Diagramme zeigen Interaktionen.', 0, 1),
(546, 22, 'TF', 'Eine Aggregation ist stärker als eine Komposition.', NULL, 'Aggregation ist schwächer als Komposition.', 0, 1),
(547, 22, 'MC', 'Welches Diagramm zeigt den Ablauf von Nachrichten zwischen Objekten?', NULL, 'Sequenzdiagramm zeigt Nachrichtenabläufe.', 0, 1),
(548, 22, 'MC', 'Welche Beziehung zeigt eine „ist-ein“-Beziehung?', NULL, 'Vererbung zeigt eine „ist-ein“-Beziehung.', 0, 1),
(549, 22, 'MC', 'Was zeigt ein Klassendiagramm NICHT?', NULL, 'Zeitlicher Ablauf gehört nicht ins Klassendiagramm.', 0, 1),
(550, 22, 'GAP', NULL, NULL, 'Ein **Aktivitätsdiagramm** beschreibt Abläufe.', 0, 1),
(551, 22, 'GAP', NULL, NULL, 'In einem Klassendiagramm verbinden **Beziehungen** die Klassen.', 0, 1),
(552, 22, 'GAP', NULL, NULL, NULL, 0, 1),
(553, 22, 'GAP', NULL, NULL, NULL, 0, 1),
(554, 22, 'GAP', NULL, NULL, NULL, 0, 1),
(555, 22, 'TF', 'Overfitting bedeutet, dass ein Modell zu stark an die Trainingsdaten angepasst ist.', NULL, 'Overfitting = zu starke Anpassung an Trainingsdaten.', 0, 1),
(556, 22, 'TF', 'Unüberwachtes Lernen benötigt gelabelte Daten.', NULL, 'Unüberwachtes Lernen benötigt **keine** gelabelten Daten.', 0, 1),
(557, 22, 'MC', 'Was ist ein Beispiel für überwachtes Lernen?', NULL, 'Klassifikation ist überwachtes Lernen.', 0, 1),
(558, 22, 'MC', 'Was ist ein Neuron im neuronalen Netz?', NULL, 'Ein Neuron ist eine mathematische Funktion.', 0, 1),
(559, 22, 'MC', 'Welche Metrik misst die Genauigkeit eines Klassifikationsmodells?', NULL, 'Accuracy misst die Genauigkeit.', 0, 1),
(560, 22, 'TF', 'Eine While-Schleife wird ausgeführt, solange die Bedingung wahr ist.', NULL, 'While-Schleife läuft, solange die Bedingung wahr ist.', 0, 1),
(561, 22, 'TF', 'Call-by-Reference übergibt eine Kopie des Werts.', NULL, 'Call-by-Reference übergibt **keine Kopie**, sondern eine Referenz.', 0, 1),
(562, 22, 'MC', 'Welche Struktur beschreibt eine Verzweigung?', NULL, 'if beschreibt eine Verzweigung.', 0, 1),
(563, 22, 'MC', 'Welche Suche prüft jedes Element nacheinander?', NULL, 'Lineare Suche prüft jedes Element.', 0, 1),
(564, 22, 'MC', 'Was ist ein Algorithmus?', NULL, 'Ein Algorithmus ist eine eindeutige Schrittfolge.', 0, 1),
(565, 23, 'MC', 'Was beschreibt Pseudocode am besten?', NULL, NULL, 0, 1),
(566, 23, 'MC', 'Welche Struktur wird typischerweise für Wiederholungen im Pseudocode genutzt?', NULL, NULL, 0, 1),
(567, 23, 'MC', 'Welche Kontrollstruktur dient zur Entscheidung?', NULL, NULL, 0, 1),
(568, 23, 'MC', 'Was ist ein Objekt in der OOP?', NULL, NULL, 0, 1),
(569, 23, 'MC', 'Welche Schleife eignet sich, wenn die Anzahl der Wiederholungen bekannt ist?', NULL, NULL, 0, 1),
(570, 23, 'MC', 'Welche typische Schreibweise beschreibt eine Methode im Pseudocode?', NULL, NULL, 0, 1),
(571, 23, 'MC', 'Welche Datenstruktur speichert Elemente in Reihenfolge?', NULL, NULL, 0, 1),
(572, 23, 'MC', 'Welche Schleife wird mindestens einmal ausgeführt?', NULL, NULL, 0, 1),
(573, 23, 'MC', 'Welche Aussage beschreibt Vererbung?', NULL, NULL, 0, 1),
(574, 23, 'MC', 'Was beschreibt Polymorphie?', NULL, NULL, 0, 1),
(575, 23, 'MC', 'Welche Elemente gehören zu einer Klasse?', NULL, NULL, 1, 3),
(576, 23, 'MC', 'Welche Schritte gehören typischerweise zu einem Algorithmus?', NULL, NULL, 1, 3),
(577, 23, 'MC', 'Welche Eigenschaften hat guter Pseudocode?', NULL, NULL, 1, 2),
(578, 23, 'MC', 'Welche OOP‑Konzepte gehören zu den „vier Grundpfeilern“?', NULL, NULL, 1, 3),
(579, 23, 'MC', 'Welche Strukturen sind Kontrollstrukturen?', NULL, NULL, 1, 3),
(580, 23, 'TF', 'Pseudocode muss sich an die Syntax einer Programmiersprache halten.', NULL, NULL, 0, 1),
(581, 23, 'TF', 'Ein Algorithmus muss endlich sein.', NULL, NULL, 0, 1),
(582, 23, 'TF', 'Ein Konstruktor initialisiert ein Objekt.', NULL, NULL, 0, 1),
(583, 23, 'TF', 'Ein Algorithmus muss immer deterministisch sein.', NULL, NULL, 0, 1),
(584, 23, 'TF', 'Eine Klasse kann Methoden und Attribute enthalten.', NULL, NULL, 0, 1),
(585, 23, 'TF', 'Polymorphie bedeutet, dass eine Klasse keine Attribute besitzt.', NULL, NULL, 0, 1),
(586, 23, 'TF', 'WHILE-Schleifen werden immer mindestens einmal ausgeführt.', NULL, NULL, 0, 1),
(587, 23, 'TF', 'Objekte entstehen aus Klassen.', NULL, NULL, 0, 1),
(588, 23, 'TF', 'Pseudocode ist immer ausführbar', NULL, NULL, 0, 1),
(589, 23, 'TF', 'Eine Liste kann mehrere Elemente enthalten.', NULL, NULL, 0, 1),
(590, 23, 'MC', 'Was ist ein Attribut?', NULL, NULL, 0, 1),
(591, 23, 'MC', 'Was ist ein Parameter?', NULL, NULL, 0, 1),
(592, 23, 'MC', 'Was beschreibt Kapselung?', NULL, NULL, 0, 1),
(593, 23, 'MC', 'Was ist ein Rückgabewert?', NULL, NULL, 0, 1),
(594, 23, 'MC', 'Was ist ein Algorithmus?', NULL, NULL, 0, 1),
(595, 23, 'MC', 'Wofür wird Pseudocode hauptsächlich verwendet?', NULL, NULL, 0, 1),
(596, 23, 'MC', 'Welche Schreibweise ist typisch für eine Zuweisung im Pseudocode?', NULL, NULL, 0, 1),
(597, 23, 'MC', 'Welche Struktur beschreibt eine Wiederholung bis eine Bedingung erfüllt ist?', NULL, NULL, 0, 1),
(598, 23, 'MC', 'Was ist ein Vorteil von Pseudocode?', NULL, NULL, 0, 1),
(599, 23, 'MC', 'Welche Struktur wird genutzt, um eine Liste zu durchlaufen?', NULL, NULL, 0, 1),
(600, 23, 'MC', 'Was bedeutet „INITIALISIERE x MIT 0“?', NULL, NULL, 0, 1),
(601, 23, 'MC', 'Welche Schreibweise beschreibt eine Bedingung?', NULL, NULL, 0, 1),
(602, 23, 'MC', 'Was bedeutet „GIB x AUS“ im Pseudocode?', NULL, NULL, 0, 1),
(603, 23, 'MC', 'Welche Struktur beendet eine Schleife sofort?', NULL, NULL, 0, 1),
(604, 23, 'MC', 'Was ist ein typischer Fehler im Pseudocode?', NULL, NULL, 0, 1),
(605, 23, 'MC', 'Welche Elemente können in Pseudocode vorkommen?', NULL, NULL, 1, 1),
(606, 23, 'MC', 'Welche Vorteile hat Pseudocode?', NULL, NULL, 1, 3),
(607, 23, 'MC', 'Welche typischen Schlüsselwörter findet man in Pseudocode?', NULL, NULL, 1, 3),
(608, 23, 'TF', 'Pseudocode ist eine formale Sprache.', NULL, NULL, 0, 1),
(609, 23, 'TF', 'Pseudocode kann zur Kommunikation zwischen Entwicklern genutzt werden.', NULL, NULL, 0, 1),
(610, 23, 'TF', 'Pseudocode ist immer identisch mit der späteren Programmiersprache.', NULL, NULL, 0, 1),
(611, 23, 'TF', 'Pseudocode kann Kommentare enthalten.', NULL, NULL, 0, 1),
(612, 23, 'TF', 'Pseudocode kann zur Planung von Algorithmen verwendet werden.', NULL, NULL, 0, 1),
(613, 23, 'MC', 'Welche Aussagen über Pseudocode sind korrekt?', NULL, NULL, 1, 1),
(614, 23, 'MC', 'Welche Aussagen über Algorithmen sind korrekt?', NULL, NULL, 1, 3);

-- MC Answers
INSERT INTO mc_answer (answer_id, question_id, option_text, is_correct, option_order, points) VALUES
(1, 1, 'Beginn und Ende der den Arbeitnehmern zustehenden Pausen', 0, 1, 0),
(2, 1, 'Höhe der Ausbildungsvergütung', 0, 2, 0),
(3, 1, 'Höhe des Tarifgehaltes', 0, 3, 0),
(4, 1, 'Dauer der wöchentlichen Arbeitszeit', 1, 4, 0),
(5, 1, 'Höhe des jährlichen Urlaubanspruchs', 1, 5, 0),
(6, 1, 'Nutzung betrieblicher sozialer Einrichtungen', 0, 6, 0),
(7, 2, 'Die geschäftsführende Gesellschafterin Lea Hofmann.', 0, 1, 0),
(8, 2, 'Anja Melter, eine 30-jährige Mitarbeiterin eines Zeitarbeitsunternehmens, die vor 4 Monaten dem Unternehmen zur Umstellung der Software-Anwendungen auf unbestimmte Zeit überlassen wurde.', 1, 2, 0),
(9, 2, 'Marga Becker, eine 16-jährige Schülerpraktikantin, die in ihren sechswöchigen Sommerferien im Unternehmen tätig ist.', 0, 3, 0),
(10, 2, 'Die Handelsvertreterin Claudia Roth, die seit 15 Jahren end mit der MaHaG KG zusammenarbeitet.', 0, 4, 0),
(11, 2, 'Carlos Brentiger, ein Mitarbeiter, der mittels Telearbeitsplatz wöchentlich zu Hause 30 Stunden für die MaHaG tätig ist.', 1, 5, 0),
(12, 2, 'Die 17-jährige Auszubildende Bea Timmermann.', 1, 6, 0),
(13, 3, 'Ohne Zustimmung der Komplementärin Lea Hollermann kann kein neuer Betriebsrat gewählt werden.', 0, 1, 0),
(14, 3, 'Der amtierende Betriebsrat kann nicht wiedergewählt werden.', 0, 2, 0),
(15, 3, 'Ein Mitglied der Jugend und Auszubildendenvertretung kann nicht gleichzeitig Mitglied des Betriebsrates sein.', 0, 3, 0),
(16, 3, 'Aktives Wahlrecht ist das Recht , sich zur Wahl des Betriebsrates als Kandidat aufstellen zu lassen.', 1, 4, 0),
(17, 3, 'Einem Mitglied des Betriebsrates kann während seiner Amtszeit nur außerordentlich gekündigt werden .', 1, 5, 0),
(18, 3, 'Die regelmäßige Amtszeit des Betriebsrates beträgt 5 Jahre.', 0, 6, 0),
(19, 4, 'Das AGG regelt, dass Benachteiligungen aus Gründen der ethischen Herkunft, des Geschlechts, der Religion oder Weltanschauung, einer Behinderung, des Alters oder der sexuellen Identität beim Auswahlverfahren nicht zulässig sind.', 1, 1, 0),
(20, 4, 'Die Benachteiligungsverbote des AGG erstrecken sich auch auf Ungleichbehandlungen beim beruflichen Aufstieg und die Beschäftigung- und Arbeitsbedingungen.', 1, 2, 0),
(21, 4, 'Bei Verstoß gegen das AGG hat der betroffene Arbeitnehmer keinen Anspruch auf Schadensersatz.', 0, 3, 0),
(22, 4, 'Bei einer Stellenausschreibung, muss der Arbeitgeber nicht geschlechtsneutral ausschreiben.', 0, 4, 0),
(23, 5, 'Sie beherrschen die englische Sprache in Word und Schrift.', 0, 1, 0),
(24, 5, 'Sie sind in der Lage, dynamische Webseiten zu programmieren.', 0, 2, 0),
(25, 5, 'Sie passen in unser Team, wenn Sie nicht älter als 30 Jahre sind.', 1, 3, 0),
(26, 5, 'Sie sind mobil and auch bereit, unsere Kunden deutschlandweit zu besuchen.', 0, 4, 0),
(27, 6, 'Jugendschutzgesetz', 0, 1, 0),
(28, 6, 'Arbeitssicherheitsgesetz', 0, 2, 0),
(29, 6, 'Berufsbildungsgesetz', 1, 3, 0),
(30, 6, 'Betriebsverfassungsgesetz', 0, 4, 0),
(31, 6, 'Jugendarbeitsschutzgesetz', 1, 5, 0),
(32, 7, 'Sollte die IHK-Prüfung vorher bestanden werden, endet das Ausbildungsverhältnis dennoch erst mit Ablauf der vertraglich festgelegten Ausbildungszeit.', 0, 1, 0),
(33, 7, 'Will ein Auszubildender eine Ausbildung in einem anderen Beruf beginnen, so kann er das Ausbildungsverhältnis auch nach der Probezeit noch beenden.', 1, 2, 0),
(34, 7, 'Jugendliche Auszubildende haben einen Anspruch auf eine einstündige Pause, wenn sie mehr als 6 Stunden beschäftigt werden.', 0, 3, 0),
(35, 7, 'Bei der Beendigung eines Berufsausbildungsverhältnisses hat der Auszubildende Anspruch auf ein Zeugnis. Er hat die Möglichkeit, ein qualifiziertes Zeugnis zu verlangen.', 1, 4, 0),
(36, 7, 'Die Ausbildung endet in jedem Fall mit dem letzten Termin der mündlichen Prüfung.', 0, 5, 0),
(37, 8, 'Er muss weiterarbeiten, weil sein Ausbildungsvertrag das vorsieht.', 0, 1, 0),
(38, 8, 'Es handelt sich um einen schwebend-unwirksamen Arbeitsvertrag, der angefochten werden kann.', 0, 2, 0),
(39, 8, 'Die Weiterbeschäftigung kann jederzeit von beiden Seiten ohne Kündigung beendet werden.', 0, 3, 0),
(40, 8, 'Es wird ein neues Arbeitsverhältnis begründet mit einer neuen Probezeit von drei Monaten.', 0, 4, 0),
(41, 8, 'Jens Rievers begründet damit ein neues unbefristetes Arbeitsverhältnis und hat Anspruch auf Zahlung eines Gehalts ab dem 17.07.2025.', 1, 5, 0),
(42, 9, 'Ausschnitt aus dem Betriebsverfassungsgesetz – Erster Abschnitt: Jugend- und Auszubildendenvertretung', 0, 1, 0),
(43, 9, 'Frau Sommer kann kandidieren, weil sie ja Praxiserfahrung aus ihrer Tätigkeit im Betriebsrat hat.', 0, 2, 0),
(44, 9, 'Frau Sommer kann nicht kandidieren, weil dem Arbeitgeber doppelte Kosten nicht zuzumuten sind.', 0, 3, 0),
(45, 9, 'Frau Sommer kann nicht kandidieren, weil das Betriebsverfassungsgesetz so etwas ausschließt.', 1, 4, 0),
(46, 9, 'Frau Sommer kann kandidieren, weil es sich um zwei verschiedene Organe der Betriebsverfassung handelt.', 0, 5, 0),
(47, 10, 'Für die verschiedenen Ausbildungsjahre ist bereits jetzt die jeweilige Vergütung gestaffelt nach Ausbildungsjahren eingetragen.', 0, 1, 0),
(48, 10, 'Persönliche Angaben zu den Eltern, wie etwa Beruf und Konfession, fehlen.', 0, 2, 0),
(49, 10, 'Die Dauer der Ausbildung beträgt 36 Monate.', 0, 3, 0),
(50, 10, 'Die Probezeit beträgt 6 Monate.', 1, 4, 0),
(51, 10, 'Es sind nur die Kündigungsvoraussetzungen einer ordentlichen Kündigung aufgeführt, nicht aber die erforderlichen Gründe einer außerordentlichen.', 0, 5, 0),
(52, 11, 'König GmbH', 1, 1, 0),
(53, 11, 'Berufsgenossenschaft Bergmannsheil', 0, 2, 0),
(54, 11, 'Industrie- und Handelskammer Mannheim', 0, 3, 0),
(55, 11, 'Dr. Michaela Kluge, RA und Notarin', 0, 4, 0),
(56, 11, 'Gerichtsvollzieher Ferdinand Piersch', 0, 5, 0),
(57, 12, 'Schützenverein Mannheim 1896 e. V.', 0, 1, 0),
(58, 12, 'Stadt Mannheim', 1, 2, 0),
(59, 12, 'Universität Heidelberg', 1, 3, 0),
(60, 12, 'Großküchenausstatter Bößle GmbH', 0, 4, 0),
(61, 12, 'Rechtsanwaltssozietät Edel & Stark', 0, 5, 0),
(62, 12, 'Mülldeponie Stuttgart KG', 0, 6, 0),
(63, 13, 'In welchen beiden Fällen handelt es sich um die Anwendung des Maximalprinzips?', 0, 1, 0),
(64, 13, 'Der Absatz der Mikrowellengeräte soll im kommenden Geschäftsjahr das Vorjahresniveau erreichen, der Materialverbrauch soll dabei aber um 4 % gesenkt werden.', 0, 2, 0),
(65, 13, 'Mitarbeiter der MaHaG KG haben im Rahmen des betrieblichen Vorschlagswesens ein verbessertes Produktionsverfahren entwickelt. Bei der Herstellung ihrer Dampfgarer hat die MaHaG KG bei höherer Produktionsmenge gleiche Stückkosten. Die Geschäftsleitung greift den Verbesserungsvorschlag ihrer Mitarbeiter auf.', 1, 3, 0),
(66, 13, 'Für die Ausstattung der PC-Arbeitsplätze wurde ein Budget von 60.000 € veranschlagt. Durch Verhandlungen mit ihrem Geschäftspartner erreichen Sie, dass das neueste und verbesserte Betriebssystem auf allen Rechnern vorinstalliert ist.', 1, 4, 0),
(67, 13, 'Nach der anhaltenden Nachfrage nach Kaffee-Vollautomaten beschließt die Geschäftsleitung, die Produktion vorsichtig um 5 % zu erhöhen. Dies geht einher mit einem verstärkten Material- und Personaleinsatz.', 0, 5, 0),
(68, 14, 'Statt der vielen unterschiedlichen Arbeitsplatzdrucker werden abteilungsbezogen leistungs- und netzwerkfähige Multifunktionsdrucker genutzt.', 0, 1, 0),
(69, 14, 'Beim Kauf von Büromaschinen wird auf die Energieeffizienz geachtet.', 0, 2, 0),
(70, 14, 'In der Betriebskantine der MaHaG KG werden vorzugsweise saisonale und vegane Speisen angeboten.', 0, 3, 0),
(71, 14, 'Das Unternehmen wechselt zu einem kostengünstigen Stromanbieter, der auf fossile Energieträger setzt.', 1, 4, 0),
(72, 15, 'In der Betriebskantine werden nur noch Steaks aus artgerechter argentinischer Rinderzucht serviert.', 0, 1, 0),
(73, 15, 'Das Verwaltungsgebäude der Mannheimer Haushaltsgeräte KG erhält eine Klimaanlage.', 0, 2, 0),
(74, 15, 'Drucker und Plotter mit einem hohen Geräuschpegel werden mit einer Schallschutzhaube ausgestattet.', 1, 3, 0),
(75, 15, 'Es werden nur noch LEDs für die Beleuchtung eingesetzt.', 1, 4, 0),
(76, 15, 'Eine hochtourig laufende Drehmaschine wird mit einer Sicherheitseinrichtung nachgerüstet.', 0, 5, 0),
(77, 16, 'Für die Produktion ihrer Haushaltsgeräte stellt die MaHaG KG um auf Just-in-time.', 0, 1, 0),
(78, 16, 'Zur Kosteneinsparung nutzt die MaHaG KG die Vorteile des Outsourcings: einige Funktionsbereiche werden ausgelagert.', 0, 2, 0),
(79, 16, 'Die MaHaG KG setzt ihre Ressourcen sparsam ein, versucht, Brauchwasser nach Kühlung wieder dem Produktionsprozess zuzuführen, vermeidet aufwendige Verpackungen und publiziert diese Aktionen auf ihrer Internetseite.', 1, 3, 0),
(80, 16, 'Bei der Einstellung von Mitarbeitern bevorzugt die MaHaG KG junge Mitarbeiter, zeichnen sich diese doch durch mäßige Gehaltsansprüche aus. Damit lassen sich die Lohnkosten deutlich senken.', 0, 4, 0),
(81, 17, 'Die Nachfrage auf dem Arbeitsmarkt nimmt zu.', 0, 1, 0),
(82, 17, 'Die Kapazitätsauslastung nähert sich ihrem Höhepunkt.', 0, 2, 0),
(83, 17, 'Die Nachfrage nach Krediten nimmt zu, weil die Unternehmen in dieser Situation verstärkt investieren.', 0, 3, 0),
(84, 17, 'Ein wirtschaftlicher Abschwung führt zum Abbau von Überstunden und von Arbeitsplätzen.', 1, 4, 0),
(85, 18, 'Sie sollte langsam die Produktionsmenge reduzieren.', 1, 1, 0),
(86, 18, 'Sie sollte bei der Bundesagentur für Arbeit Kurzarbeitergeld beantragen.', 0, 2, 0),
(87, 18, 'Sie sollte vorhandene Überstunden abbauen.', 1, 3, 0),
(88, 18, 'Sie kann optimistisch in die Zukunft blicken und vorsichtig Produktion und ggf. Mitarbeiterzahl erhöhen.', 0, 4, 0),
(89, 18, 'Sie sollte den Betriebsrat über betriebsbedingte Kündigungen rechtzeitig informieren.', 0, 5, 0),
(90, 19, 'Mindestpreis', 0, 1, 0),
(91, 19, 'Käufermarkt', 0, 2, 0),
(92, 19, 'Verkäufermarkt', 0, 3, 0),
(93, 19, 'Nachgefragte Menge', 0, 4, 0),
(94, 19, 'Angebotene Menge', 0, 5, 0),
(95, 19, 'Gleichgewichtspreis', 1, 6, 0),
(96, 20, 'Die Einkommen in Form von Löhnen und Gehältern fließen von den privaten Haushalten in die Unternehmen.', 0, 1, 0),
(97, 20, 'Die Konsumgüterausgaben für Güter fließen von den Unternehmen in die privaten Haushalte.', 0, 2, 0),
(98, 20, 'Produktionsgüter sind Teil des Güterstroms von den privaten Haushalten in die Richtung der Unternehmen.', 0, 3, 0),
(99, 20, 'Die Einkommen in Form von Löhnen und Gehältern sind Teil des Geldstromes, der von den Unternehmen zu den Haushalten fließt.', 1, 4, 0),
(100, 21, 'Konjunkturphase Rezession: Die Nachfrage nach Haushaltsgeräten wird ihren Tiefstand erreichen, was einhergeht mit einer hohen Arbeitslosigkeit. Die MaHaG KG hält das bisherige Produktionsniveau aufrecht, um bei künftiger Nachfrage lieferbereit zu sein.', 0, 1, 0),
(101, 21, 'Konjunkturphase Depression: Die Wirtschaft hat ihren Tiefpunkt erreicht. Die MaHaG KG baut daher Überstunden ab und richtet sich auf die Einrichtung von Kurzarbeit ein.', 0, 2, 0),
(102, 21, 'Konjunkturphase Expansion: Die MaHaG KG verzeichnet eine zunehmende Nachfrage. Sie erhöht vorsichtig die Produktionskapazität und fragt verstärkt Personal nach.', 1, 3, 0),
(103, 21, 'Konjunkturphase Boom: Die steigende Nachfrage bleibt auf hohem Niveau;
INSERT INTO mc_answer (answer_id, question_id, option_text, is_correct, option_order, points) VALUES
(851, 275, 'Normalform erlaubt transitive Abhängigkeiten.', 0, 4, 0),
(852, 276, 'Ein COMMIT kann durch ROLLBACK rückgängig gemacht werden.', 0, 1, 0),
(853, 276, 'ROLLBACK setzt alle Änderungen seit BEGIN TRANSACTION zurück.', 1, 2, 0),
(854, 276, 'Jede einzelne SQL-Anweisung ist automatisch eine vollständige ACID-Transaktion ohne Ausnahme.', 0, 3, 0),
(855, 276, 'Ohne COMMIT bleiben Änderungen in einer Transaktion nicht dauerhaft gespeichert.', 1, 4, 0),
(856, 277, 'Ein RIGHT JOIN liefert alle Datensätze der rechten Tabelle.', 1, 1, 0),
(857, 277, 'Ein FULL OUTER JOIN liefert alle Datensätze beider Tabellen.', 1, 2, 0),
(858, 277, 'Ein INNER JOIN liefert immer alle Datensätze der linken Tabelle.', 0, 3, 0),
(859, 277, 'Ein CROSS JOIN benötigt zwingend eine ON-Bedingung.', 0, 4, 0),
(860, 278, 'Ein zusammengesetzter Index kann mehrere Spalten enthalten.', 1, 1, 0),
(861, 278, 'Indizes verbessern ausschließlich INSERT-Operationen.', 0, 2, 0),
(862, 278, 'Ein Index kann die Performance von WHERE- und ORDER BY-Klauseln verbessern.', 1, 3, 0),
(863, 278, 'Indizes verändern automatisch die Sortierung einer Tabelle.', 0, 4, 0),
(864, 279, 'Wahr', 1, 1, 0),
(865, 279, 'Falsch', 0, 2, 0),
(866, 280, 'Wahr', 1, 1, 0),
(867, 280, 'Falsch', 0, 2, 0),
(868, 281, 'Wahr', 1, 1, 0),
(869, 281, 'Falsch', 0, 2, 0),
(870, 282, 'Wahr', 0, 1, 0),
(871, 282, 'Falsch', 1, 2, 0),
(872, 285, 'Factory Pattern', 0, 1, 0),
(873, 285, 'Singleton Pattern', 1, 2, 0),
(874, 285, 'Observer Pattern', 0, 3, 0),
(875, 285, 'Strategy Pattern', 0, 4, 0),
(876, 286, '$O(n)$', 0, 1, 0),
(877, 286, '$O(n^2)$', 0, 2, 0),
(878, 286, '$O(log n)$', 1, 3, 0),
(879, 286, '$O(1)$', 0, 4, 0),
(880, 287, 'Stack', 0, 1, 0),
(881, 287, 'Binary Tree', 0, 2, 0),
(882, 287, 'Queue', 1, 3, 0),
(883, 287, 'Hash Table', 0, 4, 0),
(884, 288, 'Eine \"Ist-ein\"-Beziehung', 0, 1, 0),
(885, 288, 'Eine \"Hat-ein\"-Beziehung, bei der die Teile ohne das Ganze nicht existieren können', 1, 2, 0),
(886, 288, 'Eine lose Verbindung zwischen zwei unabhängigen Klassen', 0, 3, 0),
(887, 288, 'Die Vererbung von Methoden', 0, 4, 0),
(888, 289, 'Open-Closed Principle', 0, 1, 0),
(889, 289, 'Open-Closed Principle', 0, 2, 0),
(890, 289, 'Single Responsibility Principle', 1, 3, 0),
(891, 289, 'Dependency Inversion Principle', 0, 4, 0),
(892, 290, 'Die Methode der Oberklasse wird komplett ersetzt.', 0, 1, 0),
(893, 290, 'Mehrere Methoden haben denselben Namen, aber unterschiedliche Parameter.', 1, 2, 0),
(894, 290, 'Eine Methode ruft sich selbst so oft auf, bis der Stack überläuft.', 0, 3, 0),
(895, 290, 'Die Sichtbarkeit einer Methode wird zur Laufzeit geändert.', 0, 4, 0),
(896, 291, 'Bubble Sort', 0, 1, 0),
(897, 291, 'Selection Sort', 0, 2, 0),
(898, 291, 'Quick Sort', 1, 3, 0),
(899, 291, 'Insertion Sort', 0, 4, 0),
(900, 292, 'Prozess / Verarbeitung', 0, 1, 0),
(901, 292, 'Start / Ende', 0, 2, 0),
(902, 292, 'Entscheidung / Verzweigung', 0, 3, 0),
(903, 292, 'Ein- / Ausgabe', 1, 4, 0),
(904, 293, 'Eine Variable, die einen Wahrheitswert speichert.', 0, 1, 0),
(905, 293, 'Eine Variable, die die Speicheradresse einer anderen Variablen speichert.', 1, 2, 0),
(906, 293, 'Ein Tool zur Fehlersuche im Code.', 0, 3, 0),
(907, 293, 'Eine spezielle Art von Schleife.', 0, 4, 0),
(908, 294, 'Unterklassen müssen so einsetzbar sein, dass sie ihre Basisklassen ersetzen können.', 1, 1, 0),
(909, 294, 'Jede Methode darf maximal 20 Zeilen Code haben.', 0, 2, 0),
(910, 294, 'Variablen müssen immer initialisiert werden.', 0, 3, 0),
(911, 294, 'Klassen dürfen nicht von Interfaces erben.', 0, 4, 0),
(912, 295, 'StackOverflowError', 0, 1, 0),
(913, 295, 'NullPointerException', 1, 2, 0),
(914, 295, 'IndexOutOfBoundsException', 0, 3, 0),
(915, 295, 'CompilationError', 0, 4, 0),
(916, 296, 'Er braucht weniger Speicher.', 0, 1, 0),
(917, 296, 'Das Suchen von Elementen ist im Durchschnitt schneller ($O(log n)$).', 1, 2, 0),
(918, 296, 'Er kann nur Zahlen speichern.', 0, 3, 0),
(919, 296, 'Er ist einfacher zu programmieren.', 0, 4, 0),
(920, 297, 'Method', 0, 1, 0),
(921, 297, 'Main', 0, 2, 0),
(922, 297, 'Model', 1, 3, 0),
(923, 297, 'Module', 0, 4, 0),
(924, 298, 'static', 0, 1, 0),
(925, 298, 'abstract', 0, 2, 0),
(926, 298, 'final', 1, 3, 0),
(927, 298, 'private', 0, 4, 0),
(928, 311, 'Queue', 0, 1, 0),
(929, 311, 'Stack', 1, 2, 0),
(930, 311, 'Graph', 0, 3, 0),
(931, 311, 'Heap', 0, 4, 0),
(932, 312, 'Elemente werden immer sortiert gespeichert.', 0, 1, 0),
(933, 312, 'Schlüssel werden mit einer Hashfunktion auf Speicherpositionen abgebildet.', 1, 2, 0),
(934, 312, 'Sie kann nur Ganzzahlen speichern.', 0, 3, 0),
(935, 312, 'Sie arbeitet immer nach dem FIFO-Prinzip.', 0, 4, 0),
(936, 313, 'Bubble Sort', 0, 1, 0),
(937, 313, 'Depth-First Search', 0, 2, 0),
(938, 313, 'Dijkstra-Algorithmus', 1, 3, 0),
(939, 313, 'Binary Search', 0, 4, 0),
(940, 314, 'Daten und Methoden werden in einer Klasse zusammengefasst und geschützt.', 1, 1, 0),
(941, 314, 'Klassen können mehrere Oberklassen haben.', 0, 2, 0),
(942, 314, 'Methoden können mehrfach überladen werden.', 0, 3, 0),
(943, 314, 'Programme werden ausschließlich funktional geschrieben.', 0, 4, 0),
(944, 315, 'Eine Klasse ohne Konstruktor', 0, 1, 0),
(945, 315, 'Eine Klasse mit nur privaten Methoden', 0, 2, 0),
(946, 315, 'Eine Sammlung von Methodensignaturen ohne Implementierung', 1, 3, 0),
(947, 315, 'Eine spezielle Schleifenstruktur', 0, 4, 0),
(948, 316, 'Preorder-Traversierung', 1, 1, 0),
(949, 316, 'Inorder-Traversierung', 0, 2, 0),
(950, 316, 'Postorder-Traversierung', 0, 3, 0),
(951, 316, 'Levelorder-Traversierung', 0, 4, 0),
(952, 317, 'char', 0, 1, 0),
(953, 317, 'String', 1, 2, 0),
(954, 317, 'text', 0, 3, 0),
(955, 317, 'varchar', 0, 4, 0),
(956, 318, 'Klassen dürfen nur eine Methode enthalten.', 0, 1, 0),
(957, 318, 'Methoden dürfen nur einmal definiert werden.', 0, 2, 0),
(958, 318, 'Eine Methode kann unterschiedliche Implementierungen besitzen.', 1, 3, 0),
(959, 318, 'Eine Klasse darf nur ein Objekt erzeugen.', 0, 4, 0),
(960, 319, 'Breadth-First Search', 0, 1, 0),
(961, 319, 'Depth-First Search', 1, 2, 0),
(962, 319, 'Binary Search', 0, 3, 0),
(963, 319, 'Linear Search', 0, 4, 0),
(964, 320, 'Er ist der schnellste Sortieralgorithmus.', 0, 1, 0),
(965, 320, 'Er vergleicht benachbarte Elemente und tauscht sie bei Bedarf.', 1, 2, 0),
(966, 320, 'Er funktioniert nur mit Zahlen.', 0, 3, 0),
(967, 320, 'Er nutzt eine Hashfunktion zum Sortieren.', 0, 4, 0),
(968, 321, 'Bubble Sort', 0, 1, 0),
(969, 321, 'Merge Sort', 1, 2, 0),
(970, 321, 'Insertion Sort', 0, 3, 0),
(971, 321, 'Selection Sort', 0, 4, 0),
(972, 322, 'Sie kann nur einmal aufgerufen werden.', 0, 1, 0),
(973, 322, 'Sie wird nur vom Compiler ausgeführt.', 0, 2, 0),
(974, 322, 'Sie ruft sich selbst innerhalb ihrer Implementierung auf.', 1, 3, 0),
(975, 322, 'Sie arbeitet ausschließlich mit Schleifen.', 0, 4, 0),
(976, 323, 'Eine Tabelle mit sortierten Zahlen', 0, 1, 0),
(977, 323, 'Eine Datenstruktur aus Knoten (Vertices) und Kanten (Edges)', 1, 2, 0),
(978, 323, 'Eine spezielle Art von Array', 0, 3, 0),
(979, 323, 'Eine Liste von Zeichenketten', 0, 4, 0),
(980, 324, 'Er löscht Objekte aus dem Speicher.', 0, 1, 0),
(981, 324, 'Er führt Berechnungen in Schleifen aus.', 0, 2, 0),
(982, 324, 'Er initialisiert ein Objekt beim Erzeugen.', 1, 3, 0),
(983, 324, 'Er verhindert Vererbung.', 0, 4, 0),
(984, 325, 'True', 1, 1, 0),
(985, 325, 'False', 0, 2, 0),
(986, 326, 'Custom error occurred', 1, 1, 0),
(987, 326, 'Runtime Exception', 0, 2, 0),
(988, 326, 'Compilation Error', 0, 3, 0),
(989, 326, 'Keine Ausgabe', 0, 4, 0),
(990, 327, 'int arr[5];
INSERT INTO mc_answer (answer_id, question_id, option_text, is_correct, option_order, points) VALUES
(1780, 578, 'Kapselung', 1, 3, 0),
(1781, 578, 'Wiederholung', 0, 4, 0),
(1782, 579, 'IF', 1, 1, 0),
(1783, 579, 'WHILE', 1, 2, 0),
(1784, 579, 'CLASS', 0, 3, 0),
(1785, 579, 'FOR', 1, 4, 0),
(1786, 580, 'True', 0, 1, 0),
(1787, 580, 'False', 1, 2, 0),
(1788, 581, 'True', 1, 1, 0),
(1789, 581, 'False', 0, 2, 0),
(1790, 582, 'True', 1, 1, 0),
(1791, 582, 'False', 0, 2, 0),
(1792, 583, 'True', 1, 1, 0),
(1793, 583, 'False', 0, 2, 0),
(1794, 584, 'True', 1, 1, 0),
(1795, 584, 'False', 0, 2, 0),
(1796, 585, 'True', 0, 1, 0),
(1797, 585, 'False', 1, 2, 0),
(1798, 586, 'True', 0, 1, 0),
(1799, 586, 'False', 1, 2, 0),
(1800, 587, 'True', 1, 1, 0),
(1801, 587, 'False', 0, 2, 0),
(1802, 588, 'True', 0, 1, 0),
(1803, 588, 'False', 1, 2, 0),
(1804, 589, 'True', 1, 1, 0),
(1805, 589, 'False', 0, 2, 0),
(1806, 590, 'Eine Eigenschaft eines Objekts', 1, 1, 0),
(1807, 590, 'Eine Schleife', 0, 2, 0),
(1808, 590, 'Eine Klasse', 0, 3, 0),
(1809, 590, 'Ein Algorithmus', 0, 4, 0),
(1810, 591, 'Ein Wert, der an eine Methode übergeben wird', 1, 1, 0),
(1811, 591, 'Eine Klasse', 0, 2, 0),
(1812, 591, 'Ein Objekt', 0, 3, 0),
(1813, 591, 'Ein Rückgabewert', 0, 4, 0),
(1814, 592, 'Verbergen interner Daten', 1, 1, 0),
(1815, 592, 'Wiederholung von Code', 0, 2, 0),
(1816, 592, 'Sortieren von Listen', 0, 3, 0),
(1817, 592, 'Erzeugen von Objekten', 0, 4, 0),
(1818, 593, 'Der Wert, den eine Methode liefert', 1, 1, 0),
(1819, 593, 'Eine Klasse', 0, 2, 0),
(1820, 593, 'Eine Schleife', 0, 3, 0),
(1821, 593, 'Ein Objekt', 0, 4, 0),
(1822, 594, 'Eine endliche Folge von Schritten zur Lösung eines Problems', 1, 1, 0),
(1823, 594, 'Eine Klasse', 0, 2, 0),
(1824, 594, 'Ein Objekt', 0, 3, 0),
(1825, 594, 'Eine Datei', 0, 4, 0),
(1826, 595, 'Um Programme direkt auszuführen', 0, 1, 0),
(1827, 595, 'Um Algorithmen verständlich zu beschreiben', 1, 2, 0),
(1828, 595, 'Um Datenbanken zu modellieren', 0, 3, 0),
(1829, 595, 'Um Hardware anzusteuer', 0, 4, 0),
(1830, 596, 'x == 5', 0, 1, 0),
(1831, 596, 'x := 5', 1, 2, 0),
(1832, 596, 'x => 5', 0, 3, 0),
(1833, 596, 'x << 5', 0, 4, 0),
(1834, 597, 'IF', 0, 1, 0),
(1835, 597, 'REPEAT UNTIL', 1, 2, 0),
(1836, 597, 'METHOD', 0, 3, 0),
(1837, 597, 'CLASS', 0, 4, 0),
(1838, 598, 'Er ist sprachabhängig', 0, 1, 0),
(1839, 598, 'Er ist schwer zu lesen', 0, 2, 0),
(1840, 598, 'Er ist leicht verständlich', 1, 3, 0),
(1841, 598, 'Er ist nur für Experten geeignet', 0, 4, 0),
(1842, 599, 'IF', 0, 1, 0),
(1843, 599, 'FOREACH', 1, 2, 0),
(1844, 599, 'RETURN', 0, 3, 0),
(1845, 599, 'CLASS', 0, 4, 0),
(1846, 600, 'x wird gelöscht', 0, 1, 0),
(1847, 600, 'x wird auf 0 gesetzt', 1, 2, 0),
(1848, 600, 'x wird mit einer Liste verbunden', 0, 3, 0),
(1849, 600, 'x wird ausgegeben', 0, 4, 0),
(1850, 601, 'IF x > 10 THEN', 1, 1, 0),
(1851, 601, 'LOOP x', 0, 2, 0),
(1852, 601, 'METHOD x', 0, 3, 0),
(1853, 601, 'CLASS x', 0, 4, 0),
(1854, 602, 'x wird gelöscht', 0, 1, 0),
(1855, 602, 'x wird ausgegeben', 1, 2, 0),
(1856, 602, 'x wird erhöht', 0, 3, 0),
(1857, 602, 'x wird kopiert', 0, 4, 0),
(1858, 603, 'STOP', 0, 1, 0),
(1859, 603, 'BREAK', 1, 2, 0),
(1860, 603, 'EXIT PROGRAM', 0, 3, 0),
(1861, 603, 'RETURN', 0, 4, 0),
(1862, 604, 'Zu viele Kommentare', 0, 1, 0),
(1863, 604, 'Zu konkrete Programmiersyntax', 1, 2, 0),
(1864, 604, 'Zu einfache Formulierungen', 0, 3, 0),
(1865, 604, 'Zu kurze Variablennamen', 0, 4, 0),
(1866, 605, 'Bedingungen', 1, 1, 0),
(1867, 605, 'Schleifen', 1, 2, 0),
(1868, 605, 'Klassen', 1, 3, 0),
(1869, 605, 'Compilerbefehle', 0, 4, 0),
(1870, 606, 'Unabhängig von Programmiersprachen', 1, 1, 0),
(1871, 606, 'Gut für Planung', 1, 2, 0),
(1872, 606, 'Direkt ausführbar', 0, 3, 0),
(1873, 606, 'Leicht verständlich', 1, 4, 0),
(1874, 607, 'IF', 1, 1, 0),
(1875, 607, 'WHILE', 1, 2, 0),
(1876, 607, 'METHOD', 1, 3, 0),
(1877, 607, 'DATABASE', 0, 4, 0),
(1878, 608, 'True', 0, 1, 0),
(1879, 608, 'False', 1, 2, 0),
(1880, 609, 'True', 1, 1, 0),
(1881, 609, 'False', 0, 2, 0),
(1882, 610, 'True', 1, 1, 0),
(1883, 610, 'False', 1, 2, 0),
(1884, 611, 'True', 1, 1, 0),
(1885, 611, 'False', 0, 2, 0),
(1886, 612, 'True', 1, 1, 0),
(1887, 612, 'False', 0, 2, 0),
(1888, 613, 'Pseudocode muss einer bestimmten Programmiersprache exakt entsprechen', 0, 1, 0),
(1889, 613, 'Pseudocode dient dazu, Algorithmen verständlich darzustellen', 1, 2, 0),
(1890, 613, 'Pseudocode kann frei formuliert werden und ist nicht streng standardisiert', 1, 3, 0),
(1891, 613, 'Pseudocode wird direkt von Computern ausgeführt', 0, 4, 0),
(1892, 614, 'Ein Algorithmus ist eine endliche Folge von klar definierten Schritten', 1, 1, 0),
(1893, 614, 'Ein Algorithmus darf unendlich lange laufen, ohne Ergebnis zu liefern', 0, 2, 0),
(1894, 614, 'Algorithmen lösen Probleme systematisch', 1, 3, 0),
(1895, 614, 'Algorithmen können nur in Programmiersprachen geschrieben werden', 0, 4, 0);

-- Gap Fields
INSERT INTO gap_field (gap_id, question_id, gap_index, text_before, text_after) VALUES
(1, 76, 1, NULL, ' Struktur eines Systems und zeigt unter anderem Klassen, Attribute und '),
(2, 76, 2, NULL, NULL),
(3, 77, 1, NULL, ' Raute dargestellt und beschreibt eine besonders starke '),
(4, 77, 2, NULL, '-Teil-Beziehung'),
(5, 78, 1, NULL, ' Sichtbarkeit, während das Pluszeichen (+) für '),
(6, 78, 2, NULL, ' Sichtbarkeit steht'),
(7, 88, 1, NULL, ' erfolgt, während eine asynchrone Nachricht '),
(8, 88, 2, NULL, ' ausgeführt wird'),
(9, 89, 1, NULL, ' beschreibt alternative Abläufe, während der Operator '),
(10, 89, 2, NULL, 'Wiederholungen modelliert'),
(11, 98, 1, NULL, ' Kontrollflüsse auf, während ein Join-Knoten diese wieder zu einem '),
(12, 98, 2, NULL, ' Kontrollfluss zusammenführt'),
(13, 99, 1, NULL, ' auf, während ein Zusammenführungsknoten mehrere '),
(14, 99, 2, NULL, ' wieder zusammenführt'),
(15, 108, 1, NULL, ', '),
(16, 108, 2, NULL, ' oder '),
(17, 108, 3, NULL, ' bezeichnet werden'),
(18, 109, 1, NULL, ' reagiert und dabei von einem Zustand in den '),
(19, 109, 2, NULL, ' übergeht'),
(20, 139, 1, 'Die Beendigung von Arbeitsverhältnissen durch Kündigung oder Auflösungsvertrag bedarf zu ihrer Wirksamkeit der ', NULL),
(21, 139, 2, ' die elektronische Form ist ', '.'),
(22, 140, 1, 'Der Stückdeckungsbeitrag ist die Differenz zwischen dem Nettoverkaufserlös und den ', NULL),
(23, 140, 2, ' Kosten eines Produkts. Er dient in erster Linie dazu, die im Unternehmen anfallenden ', ' Kosten zu decken.'),
(24, 141, 1, 'Das ', NULL),
(25, 141, 2, ' beschreibt die theoretisch maximal mögliche Absatzmenge eines Produktes in einem bestimmten Zeitraum, während das ', ' den tatsächlichen Gesamtabsatz aller Anbieter auf diesem Markt darstellt.'),
(26, 142, 1, 'Der primäre Sektor befasst sich mit der Gewinnung von ', NULL),
(27, 142, 2, ' , wie beispielsweise in der Forstwirtschaft oder Fischerei. Im Gegensatz dazu umfasst der sekundäre Sektor die ', ' von Gütern, wie etwa im Handwerk oder der Industrie.'),
(28, 143, 1, 'Beim Factoring verkauft ein Unternehmen seine offenen ', ' an ein Finanzierungsinstitut (den Factor), um sofortige Liquidität zu erhalten und das Ausfallrisiko zu übertragen.'),
(29, 144, 1, 'Der finale Preis, der sich ergibt, nachdem vom Listeneinkaufspreis alle Preisnachlässe (Rabatte, Skonti) abgezogen und alle Bezugskosten (wie Fracht und Verpackung) hinzugerechnet wurden, wird als ', ' (oder Einstandspreis) bezeichnet.'),
(42, 224, 1, NULL, NULL),
(43, 225, 1, NULL, NULL),
(44, 226, 1, NULL, NULL),
(45, 227, 1, NULL, NULL),
(46, 228, 1, NULL, NULL),
(47, 229, 1, NULL, NULL),
(48, 230, 1, NULL, NULL),
(49, 231, 1, NULL, NULL),
(50, 232, 1, NULL, NULL),
(51, 241, 1, 'Gegeben sind die Tabellen kunde(id, name) und bestellung(id, kunden_id, betrag). Gesucht wird die Gesamtsumme aller Bestellungen pro Kunde auch wenn ein Kunde keine Bestellungen hat. SELECT k.', ', SUM(b.'),
(52, 241, 2, ', SUM(b.', ') FROM'),
(53, 241, 3, ') FROM', 'k LEFT JOIN'),
(54, 241, 4, 'k LEFT JOIN', 'b ON k.id = b.kunden_id GROUP BY k.'),
(55, 241, 5, 'b ON k.id = b.kunden_id GROUP BY k.', ';

-- Gap Options
INSERT INTO gap_option (gap_option_id, gap_id, option_text, is_correct, option_order, points) VALUES
(1, 1, 'dynamische', 0, 1, 0),
(2, 1, 'statische', 1, 2, 0),
(3, 2, 'Methoden', 1, 1, 0),
(4, 2, 'Akteure', 0, 2, 0),
(5, 3, 'leere', 0, 1, 0),
(6, 3, 'gefüllte', 1, 2, 0),
(7, 4, 'Teil', 0, 1, 0),
(8, 4, 'Ganzes', 1, 2, 0),
(9, 5, 'public', 0, 1, 0),
(10, 5, 'private', 1, 2, 0),
(11, 6, 'public', 1, 1, 0),
(12, 6, 'private', 0, 2, 0),
(13, 7, 'Eingabe', 0, 1, 0),
(14, 7, 'Rückgabe', 1, 2, 0),
(15, 8, 'blockierend', 0, 1, 0),
(16, 8, 'nicht blockierend', 1, 2, 0),
(17, 9, 'alt', 1, 1, 0),
(18, 9, 'opt', 0, 2, 0),
(19, 10, 'par', 0, 1, 0),
(20, 10, 'loop', 1, 2, 0),
(21, 11, 'einzelne', 0, 1, 0),
(22, 11, 'parallele', 1, 2, 0),
(23, 12, 'einzigen', 1, 1, 0),
(24, 12, 'parallelen', 0, 2, 0),
(25, 13, 'Bedingungen', 1, 1, 0),
(26, 13, 'nichts', 0, 2, 0),
(27, 14, 'Aktivitätsflüsse', 0, 1, 0),
(28, 14, 'Kontrollflüsse', 1, 2, 0),
(29, 15, 'do', 0, 1, 0),
(30, 15, 'entry', 1, 2, 0),
(31, 15, 'exit', 0, 3, 0),
(32, 16, 'do', 1, 1, 0),
(33, 16, 'entry', 0, 2, 0),
(34, 16, 'exit', 0, 3, 0),
(35, 17, 'do', 0, 1, 0),
(36, 17, 'entry', 0, 2, 0),
(37, 17, 'exit', 1, 3, 0),
(38, 18, 'Bedingungen', 0, 1, 0),
(39, 18, 'Ereignisse', 1, 2, 0),
(40, 18, 'Aktionen', 0, 3, 0),
(41, 19, 'Startzustand', 0, 1, 0),
(42, 19, 'nächsten Zustand', 1, 2, 0),
(43, 19, 'Endzustand', 0, 3, 0),
(44, 20, 'Schriftform', 1, 1, 0),
(45, 20, 'Textform', 0, 2, 0),
(46, 20, 'notariellen Beurkundung', 0, 3, 0),
(47, 21, 'ausreichend', 0, 1, 0),
(48, 21, 'ausgeschlossen', 1, 2, 0),
(49, 21, 'vorrangig', 0, 3, 0),
(50, 22, 'variablen', 1, 1, 0),
(51, 22, 'fixen', 0, 2, 0),
(52, 22, 'gesamten', 0, 3, 0),
(53, 23, 'variablen', 0, 1, 0),
(54, 23, 'fixen', 1, 2, 0),
(55, 23, 'durchschnittlichen', 0, 3, 0),
(56, 24, 'Marktpotenzial', 1, 1, 0),
(57, 24, 'Marktvolumen', 0, 2, 0),
(58, 24, 'Marktanteil', 0, 3, 0),
(59, 25, 'Marktvolumen', 1, 1, 0),
(60, 25, 'Marktanteil', 0, 2, 0),
(61, 26, 'Rohstoffen', 1, 1, 0),
(62, 26, 'Dienstleistungen', 0, 2, 0),
(63, 26, 'Kapitalgütern', 0, 3, 0),
(64, 27, 'Verteilung', 0, 1, 0),
(65, 27, 'Weiterverarbeitung', 1, 2, 0),
(66, 27, 'Lagerung', 0, 3, 0),
(67, 28, 'Verbindlichkeiten', 0, 1, 0),
(68, 28, 'Forderungen', 1, 2, 0),
(69, 28, 'Lagerbestände', 0, 3, 0),
(70, 29, 'Bezugspreis', 1, 1, 0),
(71, 29, 'Selbstkostenpreis', 0, 2, 0),
(72, 29, 'Listenverkaufspreis', 0, 3, 0),
(73, 42, 'Like', 1, 1, 0),
(74, 42, '=', 0, 2, 0),
(75, 42, 'IN', 0, 3, 0),
(76, 42, 'BETWEEN', 0, 4, 0),
(77, 43, 'WHERE', 1, 1, 0),
(78, 43, 'GROUP BY', 0, 2, 0),
(79, 43, 'ORDER BY', 0, 3, 0),
(80, 43, 'HAVING', 0, 4, 0),
(81, 44, 'INSERT INTO', 1, 1, 0),
(82, 44, 'UPDATE', 0, 2, 0),
(83, 44, 'SELECT', 0, 3, 0),
(84, 44, 'DELETE FROM', 0, 4, 0),
(85, 45, 'ON', 1, 1, 0),
(86, 45, 'WHERE', 0, 2, 0),
(87, 45, 'USING', 0, 3, 0),
(88, 45, 'FROM', 0, 4, 0),
(89, 46, 'Semikolon', 1, 1, 0),
(90, 46, 'Komma', 0, 2, 0),
(91, 46, 'Punkt', 0, 3, 0),
(92, 46, 'Doppelpunkt', 0, 4, 0),
(93, 47, 'CREATE INDEX', 1, 1, 0),
(94, 47, 'CREATE TABLE', 0, 2, 0),
(95, 47, 'ALTER TABLE', 0, 3, 0),
(96, 47, 'CREATE VIEW', 0, 4, 0),
(97, 48, 'ORDER BY', 1, 1, 0),
(98, 48, 'GROUP BY', 0, 2, 0),
(99, 48, 'HAVING', 0, 3, 0),
(100, 48, 'WHERE', 0, 4, 0),
(101, 49, 'GROUP BY', 1, 1, 0),
(102, 49, 'ORDER BY', 0, 2, 0),
(103, 49, 'DISTINCT', 0, 3, 0),
(104, 49, 'LIMIT', 0, 4, 0),
(105, 50, 'AVG', 1, 1, 0),
(106, 50, 'SUM', 0, 2, 0),
(107, 50, 'COUNT', 0, 3, 0),
(108, 50, 'MIN', 0, 4, 0),
(109, 51, 'name', 1, 1, 0),
(110, 51, 'betrag', 0, 2, 0),
(111, 51, 'kunde', 0, 3, 0),
(112, 51, 'bestellung', 0, 4, 0),
(113, 52, 'betrag', 1, 1, 0),
(114, 52, 'name', 0, 2, 0),
(115, 52, 'kunde', 0, 3, 0),
(116, 52, 'bestellung', 0, 4, 0),
(117, 53, 'kunde', 1, 1, 0),
(118, 53, 'name', 0, 2, 0),
(119, 53, 'betrag', 0, 3, 0),
(120, 53, 'bestellung', 0, 4, 0),
(121, 54, 'bestellung', 1, 1, 0),
(122, 54, 'name', 0, 2, 0),
(123, 54, 'betrag', 0, 3, 0),
(124, 54, 'kunde', 0, 4, 0),
(125, 55, 'name', 1, 1, 0),
(126, 55, 'betrag', 0, 2, 0),
(127, 55, 'kunde', 0, 3, 0),
(128, 55, 'bestellung', 0, 4, 0),
(129, 56, 'Kardinalitäten', 1, 1, 0),
(130, 56, 'Beziehung', 0, 2, 0),
(131, 56, '1:n', 0, 3, 0),
(132, 56, 'Fremdschlüssel', 0, 4, 0),
(133, 57, 'Beziehung', 1, 1, 0),
(134, 57, 'Kardinalitäten', 0, 2, 0),
(135, 57, '1:n', 0, 3, 0),
(136, 57, 'Fremdschlüssel', 0, 4, 0),
(137, 58, '1:n', 1, 1, 0),
(138, 58, 'Kardinalitäten', 0, 2, 0),
(139, 58, 'Beziehung', 0, 3, 0),
(140, 58, 'Fremdschlüssel', 0, 4, 0),
(141, 59, 'Fremdschlüssel', 1, 1, 0),
(142, 59, 'Kardinalitäten', 0, 2, 0),
(143, 59, 'Beziehung', 0, 3, 0),
(144, 59, '1:n', 0, 4, 0),
(145, 60, 'n', 1, 1, 0),
(146, 60, 'Kardinalitäten', 0, 2, 0),
(147, 60, 'Beziehung', 0, 3, 0),
(148, 60, '1:n', 0, 4, 0),
(149, 61, 'Primärschlüssel', 1, 1, 0),
(150, 61, 'Fremdschlüssel', 0, 2, 0),
(151, 61, 'Beziehung', 0, 3, 0),
(152, 61, 'id', 0, 4, 0),
(153, 62, 'Fremdschlüssel', 1, 1, 0),
(154, 62, 'Primärschlüssel', 0, 2, 0),
(155, 62, 'Beziehung', 0, 3, 0),
(156, 62, 'id', 0, 4, 0),
(157, 63, 'Beziehung', 1, 1, 0),
(158, 63, 'Primärschlüssel', 0, 2, 0),
(159, 63, 'Fremdschlüssel', 0, 3, 0),
(160, 63, 'id', 0, 4, 0),
(161, 64, 'name', 1, 1, 0),
(162, 64, 'menge', 0, 2, 0),
(163, 64, 'preis', 0, 3, 0),
(164, 64, 'produkt', 0, 4, 0),
(165, 65, 'menge', 1, 1, 0),
(166, 65, 'name', 0, 2, 0),
(167, 65, 'preis', 0, 3, 0),
(168, 65, 'produkt', 0, 4, 0),
(169, 66, 'preis', 1, 1, 0),
(170, 66, 'name', 0, 2, 0),
(171, 66, 'menge', 0, 3, 0),
(172, 66, 'produkt', 0, 4, 0),
(173, 67, 'produkt', 1, 1, 0),
(174, 67, 'name', 0, 2, 0),
(175, 67, 'menge', 0, 3, 0),
(176, 67, 'preis', 0, 4, 0),
(177, 68, 'verkauf', 1, 1, 0),
(178, 68, 'name', 0, 2, 0),
(179, 68, 'menge', 0, 3, 0),
(180, 68, 'preis', 0, 4, 0),
(181, 69, 'name', 1, 1, 0),
(182, 69, 'menge', 0, 2, 0),
(183, 69, 'preis', 0, 3, 0),
(184, 69, 'produkt', 0, 4, 0),
(185, 70, '%', 1, 1, 0),
(186, 70, '_', 0, 2, 0),
(187, 70, '*', 0, 3, 0),
(188, 70, '=', 0, 4, 0),
(189, 71, '_', 1, 1, 0),
(190, 71, '%', 0, 2, 0),
(191, 71, '*', 0, 3, 0),
(192, 71, '=', 0, 4, 0),
(193, 72, 'TRIGGER', 1, 1, 0),
(194, 72, 'LEFT', 0, 2, 0),
(195, 72, 'RIGHT', 0, 3, 0),
(196, 72, 'INNER', 0, 4, 0),
(197, 73, 'AFTER', 1, 1, 0),
(198, 73, 'LEFT', 0, 2, 0),
(199, 73, 'RIGHT', 0, 3, 0),
(200, 73, 'INNER', 0, 4, 0),
(201, 74, 'FOR', 1, 1, 0),
(202, 74, 'LEFT', 0, 2, 0),
(203, 74, 'RIGHT', 0, 3, 0),
(204, 74, 'INNER', 0, 4, 0),
(205, 75, 'LEFT', 1, 1, 0),
(206, 75, 'RIGHT', 0, 2, 0),
(207, 75, 'INNER', 0, 3, 0),
(208, 75, 'JOIN', 0, 4, 0),
(209, 76, 'JOIN', 1, 1, 0),
(210, 76, 'LEFT', 0, 2, 0),
(211, 76, 'RIGHT', 0, 3, 0),
(212, 76, 'INNER', 0, 4, 0),
(213, 77, 'bestellung', 1, 1, 0),
(214, 77, 'LEFT', 0, 2, 0),
(215, 77, 'JOIN', 0, 3, 0),
(216, 77, 'IS', 0, 4, 0),
(217, 78, 'IS', 1, 1, 0),
(218, 78, 'LEFT', 0, 2, 0),
(219, 78, 'RIGHT', 0, 3, 0),
(220, 78, 'INNER', 0, 4, 0),
(221, 79, 'NULL', 1, 1, 0),
(222, 79, 'LEFT', 0, 2, 0),
(223, 79, 'RIGHT', 0, 3, 0),
(224, 79, 'INNER', 0, 4, 0),
(225, 80, 'CREATE', 1, 1, 0),
(226, 80, 'LEFT', 0, 2, 0),
(227, 80, 'RIGHT', 0, 3, 0),
(228, 80, 'INNER', 0, 4, 0),
(229, 81, 'TABLE', 1, 1, 0),
(230, 81, 'LEFT', 0, 2, 0),
(231, 81, 'RIGHT', 0, 3, 0),
(232, 81, 'INNER', 0, 4, 0),
(233, 82, 'INT', 1, 1, 0),
(234, 82, 'LEFT', 0, 2, 0),
(235, 82, 'RIGHT', 0, 3, 0),
(236, 82, 'INNER', 0, 4, 0),
(237, 83, 'PRIMARY', 1, 1, 0),
(238, 83, 'LEFT', 0, 2, 0),
(239, 83, 'RIGHT', 0, 3, 0),
(240, 83, 'INNER', 0, 4, 0),
(241, 84, 'KEY', 1, 1, 0),
(242, 84, 'LEFT', 0, 2, 0),
(243, 84, 'RIGHT', 0, 3, 0),
(244, 84, 'INNER', 0, 4, 0),
(245, 85, 'AUTO_INCREMENT', 1, 1, 0),
(246, 85, 'LEFT', 0, 2, 0),
(247, 85, 'RIGHT', 0, 3, 0),
(248, 85, 'INNER', 0, 4, 0),
(249, 86, 'VARCHAR', 1, 1, 0),
(250, 86, 'LEFT', 0, 2, 0),
(251, 86, 'RIGHT', 0, 3, 0),
(252, 86, 'INNER', 0, 4, 0),
(253, 87, '100', 1, 1, 0),
(254, 87, '1', 0, 2, 0),
(255, 87, '50', 0, 3, 0),
(256, 87, '255', 0, 4, 0),
(257, 88, 'NOT', 1, 1, 0),
(258, 88, 'LEFT', 0, 2, 0),
(259, 88, 'RIGHT', 0, 3, 0),
(260, 88, 'INNER', 0, 4, 0),
(261, 89, 'NULL', 1, 1, 0),
(262, 89, 'LEFT', 0, 2, 0),
(263, 89, 'RIGHT', 0, 3, 0),
(264, 89, 'INNER', 0, 4, 0),
(265, 90, 'bestellung', 1, 1, 0),
(266, 90, 'kunden_id', 0, 2, 0),
(267, 90, 'HAVING', 0, 3, 0),
(268, 90, 'id', 0, 4, 0),
(269, 91, 'kunden_id', 1, 1, 0),
(270, 91, 'bestellung', 0, 2, 0),
(271, 91, 'HAVING', 0, 3, 0),
(272, 91, 'id', 0, 4, 0),
(273, 92, 'HAVING', 1, 1, 0),
(274, 92, 'LEFT', 0, 2, 0),
(275, 92, 'RIGHT', 0, 3, 0),
(276, 92, 'INNER', 0, 4, 0),
(277, 93, 'kunde', 1, 1, 0),
(278, 93, 'id', 0, 2, 0),
(279, 93, 'CASCADE', 0, 3, 0),
(280, 93, 'name', 0, 4, 0),
(281, 94, 'id', 1, 1, 0),
(282, 94, 'kunde', 0, 2, 0),
(283, 94, 'CASCADE', 0, 3, 0),
(284, 94, 'name', 0, 4, 0),
(285, 95, 'CASCADE', 1, 1, 0),
(286, 95, 'LEFT', 0, 2, 0),
(287, 95, 'RIGHT', 0, 3, 0),
(288, 95, 'INNER', 0, 4, 0),
(289, 96, 'abstract', 1, 1, 0),
(290, 96, 'final', 0, 2, 0),
(291, 96, 'static', 0, 3, 0),
(292, 97, 'protected', 1, 1, 0),
(293, 97, 'privat', 0, 2, 0),
(294, 97, 'public', 0, 3, 0),
(295, 98, 'rekursive', 1, 1, 0),
(296, 98, 'lineare', 0, 2, 0),
(297, 98, 'parallele', 0, 3, 0),
(298, 99, 'offenen', 1, 1, 0),
(299, 99, 'gefüllten', 0, 2, 0),
(300, 99, 'runde', 0, 3, 0),
(301, 100, '4', 1, 1, 0),
(302, 100, '5', 0, 2, 0),
(303, 100, '8', 0, 3, 0),
(304, 101, 'Stack', 1, 1, 0),
(305, 101, 'Queue', 0, 2, 0),
(306, 101, 'Array', 0, 3, 0),
(307, 102, 'Overriding', 1, 1, 0),
(308, 102, 'Overloading', 0, 2, 0),
(309, 102, 'Hiding', 0, 3, 0),
(310, 103, 'Observer', 1, 1, 0),
(311, 103, 'Singleton', 0, 2, 0),
(312, 103, 'Strategy', 0, 3, 0),
(313, 104, 'Enum', 1, 1, 0),
(314, 104, 'Class', 0, 2, 0),
(315, 104, 'Interface', 0, 3, 0),
(316, 105, 'Kompilieren', 1, 1, 0),
(317, 105, 'Interpretieren', 0, 2, 0),
(318, 105, 'Debuggen', 0, 3, 0),
(319, 106, 'Assoziation', 1, 1, 0),
(320, 106, 'Vererbung', 0, 2, 0),
(321, 106, 'Komposition', 0, 3, 0),
(322, 107, 'binäre', 1, 1, 0),
(323, 107, 'lineare', 0, 2, 0),
(324, 107, 'exponentielle', 0, 3, 0),
(325, 108, 'Stack', 1, 1, 0),
(326, 108, 'Heap', 0, 2, 0),
(327, 109, 'Stack', 1, 1, 0),
(328, 109, 'Heap', 0, 2, 0),
(329, 110, 'Heap', 1, 1, 0),
(330, 110, 'Stack', 0, 2, 0),
(331, 111, '4', 1, 1, 0),
(332, 111, '8', 0, 2, 0),
(333, 111, '2', 0, 3, 0),
(334, 112, '8', 1, 1, 0),
(335, 112, '4', 0, 2, 0),
(336, 112, '2', 0, 3, 0),
(337, 113, '4', 1, 1, 0),
(338, 113, '8', 0, 2, 0),
(339, 113, '2', 0, 3, 0),
(340, 114, '2', 1, 1, 0),
(341, 114, '4', 0, 2, 0),
(342, 114, '8', 0, 3, 0),
(343, 115, 'byte', 1, 1, 0),
(344, 115, 'char', 0, 2, 0),
(345, 115, 'long', 0, 3, 0),
(346, 115, 'float', 0, 4, 0),
(347, 115, 'Short', 0, 5, 0),
(348, 115, 'Long', 0, 6, 0),
(349, 116, 'char', 1, 1, 0),
(350, 116, 'byte', 0, 2, 0),
(351, 116, 'long', 0, 3, 0),
(352, 116, 'float', 0, 4, 0),
(353, 116, 'Short', 0, 5, 0),
(354, 116, 'Long', 0, 6, 0),
(355, 117, 'zufällige', 0, 1, 0),
(356, 117, 'strukturierte', 1, 2, 0),
(357, 117, 'verschlüsselte', 0, 3, 0),
(358, 117, 'temporäre', 0, 4, 0),
(359, 118, 'nur einmalig', 0, 1, 0),
(360, 118, 'dauerhaft', 1, 2, 0),
(361, 118, 'ausschließlich offline', 0, 3, 0),
(362, 118, 'nur im Arbeitsspeicher', 0, 4, 0),
(363, 119, 'keinen', 0, 1, 0),
(364, 119, 'mehreren', 1, 2, 0),
(365, 119, 'maximal zwei', 0, 3, 0),
(366, 119, 'immer genau einem', 0, 4, 0),
(367, 120, 'unsicher', 0, 1, 0),
(368, 120, 'konsistent', 1, 2, 0),
(369, 120, 'unsortiert', 0, 3, 0),
(370, 120, 'unvollständig', 0, 4, 0),
(371, 121, 'Backups', 0, 1, 0),
(372, 121, 'Constraints', 1, 2, 0),
(373, 121, 'Templates', 0, 3, 0),
(374, 121, 'Themes', 0, 4, 0),
(375, 122, 'Dateien', 0, 1, 0),
(376, 122, 'Beziehungen', 1, 2, 0),
(377, 122, 'Passwörter', 0, 3, 0),
(378, 122, 'Cookies', 0, 4, 0),
(379, 123, 'Caching', 0, 1, 0),
(380, 123, 'Defense in Depth', 1, 2, 0),
(381, 123, 'Denormalisierung', 0, 3, 0),
(382, 123, 'Saving', 0, 4, 0),
(383, 124, 'gar nicht', 0, 1, 0),
(384, 124, 'zentral', 1, 2, 0),
(385, 124, 'nur einmal', 0, 3, 0),
(386, 124, 'zufällig', 0, 4, 0),
(387, 125, 'Inkonsistenzen', 1, 1, 0),
(388, 125, 'Designs', 0, 2, 0),
(389, 125, 'Updates', 0, 3, 0),
(390, 125, 'Indizes', 0, 4, 0),
(391, 126, '1:1', 0, 1, 0),
(392, 126, 'n:m', 0, 2, 0),
(393, 126, '1:n', 1, 3, 0),
(394, 126, '0:1', 0, 4, 0),
(395, 127, 'Indizes', 0, 1, 0),
(396, 127, 'Themes', 0, 2, 0),
(397, 127, 'Tabellenfarben', 0, 3, 0),
(398, 127, 'Transaktionen', 1, 4, 0),
(399, 128, 'Backups', 1, 1, 0),
(400, 128, 'Views', 0, 2, 0),
(401, 128, 'Joins', 0, 3, 0),
(402, 128, 'Schedules', 0, 4, 0),
(403, 129, 'Türen', 0, 1, 0),
(404, 129, 'Rechte', 1, 2, 0),
(405, 129, 'Schulen', 0, 3, 0),
(406, 129, 'Geldscheine', 0, 4, 0),
(407, 130, 'Kühlschrank-Datenbank', 0, 1, 0),
(408, 130, 'Cloud-Datenbank', 0, 2, 0),
(409, 130, 'Turbo-Tabellen-Speicher', 0, 3, 0),
(410, 130, 'Relationalen Datenbank', 1, 4, 0),
(411, 131, 'NoSQL-Datenbanken', 1, 1, 0),
(412, 131, 'NoSleep-Datenbanken', 0, 2, 0),
(413, 131, 'NoSound-Datenbanken', 0, 3, 0),
(414, 131, 'NoSpace-Datenbanken', 0, 4, 0),
(415, 132, 'Dokumentenvernichter-Datenbanken', 0, 1, 0),
(416, 132, 'Domino-Datenbanken', 0, 2, 0),
(417, 132, 'Dokumentenorientierte Datenbank', 1, 3, 0),
(418, 132, 'DORA-Datenbanken', 0, 4, 0),
(419, 133, 'Key-Voice-Datenbanken', 0, 1, 0),
(420, 133, 'Key-Value-Datenbanken', 1, 2, 0),
(421, 133, 'Key-Vault-Datenbanken', 0, 3, 0),
(422, 133, 'Key-Video-Datenbanken', 0, 4, 0),
(423, 134, 'Spaltenorientierte Datenbanken', 1, 1, 0),
(424, 134, 'Spalten-Urlaubs-Datenbanken', 0, 2, 0),
(425, 134, 'Spaltenlose Datenbanken', 0, 3, 0),
(426, 134, 'Spaltpilz-Datenbanken', 0, 4, 0),
(427, 135, 'Grafikkarten-Datenbanken', 0, 1, 0),
(428, 135, 'Graphit-Datenbanken', 0, 2, 0),
(429, 135, 'Grafzahl-Datenbanken', 0, 3, 0),
(430, 135, 'Graphdatenbanken', 1, 4, 0),
(431, 136, 'Objektiv-Datenbanken', 0, 1, 0),
(432, 136, 'Objektdesorientiert-Datenbanken', 0, 2, 0),
(433, 136, 'Objektorientierte Datenbanken', 1, 3, 0),
(434, 136, 'Objektlos-Datenbanken', 0, 4, 0),
(435, 137, 'verbindet', 1, 1, 0),
(436, 138, 'Schlüssel', 1, 1, 0),
(437, 138, 'Schluessel', 1, 2, 0),
(438, 139, 'Datensatz', 1, 1, 0),
(439, 140, 'eingefügt', 1, 1, 0),
(440, 141, 'Daten', 1, 1, 0),
(441, 142, 'Fremdschlüsselwert', 1, 1, 0),
(442, 142, 'Fremdschlüssel', 1, 2, 0),
(443, 143, 'Primärschlüssel', 1, 1, 0),
(444, 144, 'Dienst', 1, 1, 0),
(445, 144, 'Dienstvertrag', 1, 2, 0),
(446, 145, 'Urheberrecht', 1, 1, 0),
(447, 146, 'Rechtsgrundlage', 1, 1, 0),
(448, 147, 'Nacherfüllung', 1, 1, 0),
(449, 148, 'natürlichen Personen', 1, 1, 0),
(450, 149, 'Break-even-Point', 1, 1, 0),
(451, 150, 'Verbindlichkeiten', 1, 1, 0),
(452, 151, 'Kosten-Nutzen', 1, 1, 0),
(453, 151, 'Kosten-Nutzen-Analyse', 1, 2, 0),
(454, 151, 'Kosten-Nutzen-', 1, 3, 0),
(455, 152, 'Menge', 1, 1, 0),
(456, 153, 'Planung', 1, 1, 0),
(457, 154, 'Aktivitäts', 1, 1, 0),
(458, 154, 'Aktivitätsdiagramm', 1, 2, 0),
(459, 155, 'Beziehungen', 1, 1, 0),
(460, 156, 'nicht existieren', 1, 1, 0),
(461, 157, 'Rolle', 1, 1, 0),
(462, 157, 'Person', 1, 2, 0),
(463, 158, 'Ablauf', 1, 1, 0);

-- Question–Theme Mapping
INSERT INTO Question_Theme (question_id, theme_id) VALUES
(1, 3),
(2, 3),
(3, 3),
(4, 3),
(5, 3),
(6, 3),
(7, 3),
(8, 3),
(9, 3),
(10, 3),
(11, 3),
(12, 3),
(13, 3),
(14, 3),
(15, 3),
(16, 3),
(17, 3),
(18, 3),
(19, 3),
(20, 3),
(21, 3),
(22, 3),
(23, 3),
(24, 3),
(25, 3),
(26, 3),
(27, 3),
(28, 3),
(29, 3),
(30, 3),
(31, 3),
(32, 3),
(33, 3),
(34, 3),
(35, 3),
(36, 3),
(37, 3),
(38, 3),
(39, 3),
(40, 3),
(41, 3),
(42, 3),
(43, 3),
(44, 3),
(45, 3),
(46, 3),
(47, 3),
(48, 3),
(49, 3),
(50, 3),
(51, 3),
(52, 3),
(53, 3),
(54, 3),
(55, 3),
(56, 3),
(57, 3),
(58, 3),
(59, 3),
(60, 3),
(61, 3),
(62, 3),
(63, 3),
(64, 3),
(65, 3),
(66, 3),
(67, 3),
(68, 3),
(69, 3),
(70, 6),
(71, 6),
(72, 6),
(73, 6),
(74, 6),
(75, 6),
(76, 6),
(77, 6),
(78, 6),
(79, 6),
(80, 6),
(81, 6),
(82, 6),
(83, 6),
(84, 6),
(85, 6),
(86, 6),
(87, 6),
(88, 6),
(89, 6),
(90, 6),
(91, 6),
(92, 6),
(93, 6),
(94, 6),
(95, 6),
(96, 6),
(97, 6),
(98, 6),
(99, 6),
(100, 6),
(101, 6),
(102, 6),
(103, 6),
(104, 6),
(105, 6),
(106, 6),
(107, 6),
(108, 6),
(109, 6),
(110, 3),
(111, 3),
(112, 3),
(113, 3),
(114, 3),
(115, 3),
(116, 3),
(117, 3),
(118, 3),
(119, 3),
(120, 3),
(121, 3),
(122, 3),
(123, 3),
(124, 3),
(125, 3),
(126, 3),
(127, 3),
(128, 3),
(129, 3),
(130, 3),
(131, 3),
(132, 3),
(133, 3),
(134, 3),
(135, 3),
(136, 3),
(137, 3),
(138, 3),
(139, 3),
(140, 3),
(141, 3),
(142, 3),
(143, 3),
(144, 3),
(196, 5),
(197, 5),
(198, 5),
(199, 5),
(200, 5),
(201, 5),
(202, 5),
(203, 5),
(204, 5),
(205, 5),
(206, 5),
(207, 5),
(208, 5),
(209, 5),
(210, 5),
(211, 5),
(212, 5),
(213, 5),
(214, 5),
(215, 5),
(216, 5),
(217, 5),
(218, 5),
(219, 5),
(220, 5),
(221, 5),
(222, 5),
(223, 5),
(224, 5),
(225, 5),
(226, 5),
(227, 5),
(228, 5),
(229, 5),
(230, 5),
(231, 5),
(232, 5),
(233, 4),
(234, 4),
(235, 5),
(236, 4),
(237, 4),
(238, 5),
(239, 5),
(240, 5),
(241, 5),
(242, 4),
(243, 4),
(244, 5),
(245, 5),
(246, 5),
(247, 4),
(248, 5),
(249, 5),
(250, 5),
(251, 4),
(252, 5),
(253, 5),
(254, 5),
(255, 5),
(256, 5),
(257, 5),
(258, 5),
(259, 5),
(260, 5),
(261, 5),
(262, 5),
(263, 5),
(264, 5),
(265, 5),
(266, 5),
(267, 5),
(268, 5),
(269, 5),
(270, 5),
(271, 5),
(272, 5),
(273, 5),
(274, 4),
(275, 4),
(276, 5),
(277, 5),
(278, 5),
(279, 4),
(280, 5),
(281, 5),
(282, 5),
(283, 5),
(284, 4),
(285, 8),
(286, 8),
(287, 8),
(288, 8),
(289, 8),
(290, 8),
(291, 8),
(292, 8),
(293, 8),
(294, 8),
(295, 8),
(296, 8),
(297, 8),
(298, 8),
(299, 8),
(300, 8),
(301, 8),
(302, 8),
(303, 8),
(304, 8),
(305, 8),
(306, 8),
(307, 8),
(308, 8),
(309, 8),
(310, 8),
(311, 8),
(312, 8),
(313, 8),
(314, 8),
(315, 8),
(316, 8),
(317, 8),
(318, 8),
(319, 8),
(320, 8),
(321, 8),
(322, 8),
(323, 8),
(324, 8),
(325, 8),
(326, 8),
(327, 8),
(328, 8),
(329, 8),
(330, 8),
(331, 8),
(332, 8),
(333, 8),
(334, 8),
(335, 8),
(336, 8),
(337, 8),
(338, 8),
(339, 8),
(340, 8),
(341, 8),
(342, 8),
(343, 8),
(344, 8),
(345, 8),
(346, 8),
(347, 8),
(348, 8),
(349, 8),
(350, 8),
(351, 8),
(352, 8),
(353, 8),
(354, 8),
(355, 8),
(356, 8),
(357, 8),
(358, 8),
(359, 8),
(360, 8),
(361, 8),
(362, 8),
(363, 8),
(364, 8),
(365, 8),
(366, 8),
(367, 8),
(368, 8),
(369, 8),
(370, 8),
(371, 8),
(372, 8),
(373, 8),
(374, 8),
(375, 4),
(376, 4),
(377, 5),
(378, 5),
(379, 5),
(380, 5),
(381, 5),
(382, 5),
(383, 5),
(384, 5),
(385, 5),
(386, 4),
(387, 4),
(388, 4),
(389, 4),
(390, 5),
(391, 5),
(392, 5),
(393, 5),
(394, 5),
(395, 5),
(396, 4),
(397, 4),
(398, 4),
(399, 4),
(400, 5),
(401, 5),
(402, 5),
(403, 5),
(404, 5),
(405, 5),
(406, 4),
(407, 4),
(408, 4),
(409, 4),
(410, 4),
(411, 5),
(412, 5),
(413, 4),
(414, 4),
(415, 4),
(416, 4),
(417, 4),
(418, 4),
(419, 4),
(420, 4),
(421, 4),
(422, 4),
(423, 4),
(424, 4),
(425, 5),
(426, 4),
(427, 4),
(428, 4),
(429, 4),
(430, 4),
(431, 4),
(432, 5),
(433, 4),
(434, 4),
(435, 4),
(436, 4),
(437, 5),
(438, 5),
(439, 5),
(440, 5),
(441, 5),
(442, 5),
(443, 5),
(444, 5),
(445, 5),
(446, 5),
(447, 5),
(448, 5),
(449, 5),
(450, 5),
(451, 4),
(452, 4),
(453, 4),
(454, 4),
(455, 4),
(456, 4),
(457, 4),
(458, 4),
(459, 5),
(460, 5),
(461, 5),
(462, 5),
(463, 4),
(464, 4),
(465, 5),
(466, 4),
(467, 4),
(468, 4),
(469, 4),
(470, 4),
(471, 4),
(472, 4),
(473, 4),
(474, 4),
(475, 4),
(476, 4),
(477, 4),
(478, 4),
(479, 4),
(480, 5),
(481, 5),
(482, 5),
(483, 4),
(484, 4),
(485, 4),
(486, 4),
(487, 4),
(488, 4),
(489, 4),
(490, 4),
(491, 4),
(492, 4),
(493, 4),
(494, 4),
(495, 4),
(496, 4),
(497, 4),
(498, 4),
(499, 4),
(500, 4),
(501, 4),
(502, 4),
(503, 4),
(504, 4),
(505, 4),
(506, 4),
(507, 4),
(508, 4),
(509, 4),
(510, 4),
(511, 4),
(512, 4),
(513, 4),
(514, 4),
(515, 4),
(516, 4),
(517, 4),
(518, 4),
(519, 4),
(520, 4),
(521, 4),
(522, 4),
(523, 4),
(524, 4),
(525, 2),
(526, 2),
(527, 2),
(528, 2),
(529, 2),
(530, 2),
(531, 2),
(532, 2),
(533, 2),
(534, 2),
(535, 3),
(536, 3),
(537, 3),
(538, 3),
(539, 3),
(540, 3),
(541, 3),
(542, 3),
(543, 3),
(544, 3),
(545, 6),
(546, 6),
(547, 6),
(548, 6),
(549, 6),
(550, 6),
(551, 6),
(552, 6),
(553, 6),
(554, 6),
(555, 7),
(556, 7),
(557, 7),
(558, 7),
(559, 7),
(560, 8),
(561, 8),
(562, 8),
(563, 8),
(564, 8),
(565, 8),
(566, 8),
(567, 8),
(568, 8),
(569, 8),
(570, 8),
(571, 8),
(572, 8),
(573, 8),
(574, 8),
(575, 8),
(576, 8),
(577, 8),
(578, 8),
(579, 8),
(580, 8),
(581, 8),
(582, 8),
(583, 8),
(584, 8),
(585, 8),
(586, 8),
(587, 8),
(588, 8),
(589, 8),
(590, 8),
(591, 8),
(592, 8),
(593, 8),
(594, 8),
(595, 8),
(596, 8),
(597, 8),
(598, 8),
(599, 8),
(600, 8),
(601, 8),
(602, 8),
(603, 8),
(604, 8),
(605, 8),
(606, 8),
(607, 8),
(608, 8),
(609, 8),
(610, 8),
(611, 8),
(612, 8),
(613, 8),
(614, 8);

-- Rooms
INSERT INTO room (room_id, description, image_url, map_x, map_y, max_points, min_points_required, name, room_order, question_set_id, theme_id) VALUES
(1, NULL, NULL, 1, 1, 100, 0, 'KhitoGlebLih', 1, 1, 3),
(2, NULL, NULL, 2, 1, 100, 0, 'Cursed-Crib', 2, 2, 3),
(3, NULL, NULL, 3, 1, 100, 0, 'xXx', 3, 3, 6),
(4, NULL, NULL, 4, 1, 100, 0, 'SUD_LJ3Q3_Projektarbeit_2026', 4, 7, 3),
(5, NULL, NULL, 1, 2, 100, 0, 'GBoyz', 5, 8, 5),
(6, NULL, NULL, 2, 2, 100, 0, 'Bazinga', 6, 9, 4),
(7, NULL, NULL, 3, 2, 100, 0, 'Feenstaub', 7, 15, 8),
(8, NULL, NULL, 4, 2, 100, 0, 'Hard Workers', 8, 16, 8),
(9, NULL, NULL, 1, 3, 100, 0, 'Dummy2Pro', 9, 21, 4),
(10, NULL, NULL, 2, 3, 100, 0, 'Hammer', 10, 22, 5),
(11, NULL, NULL, 3, 3, 100, 0, 'RandomMap', 11, 23, 8);
